[2026-04-24T00:07:04.755+0000] {processor.py:161} INFO - Started process (PID=1192) to work on /opt/airflow/dags/stock_pipeline_dag.py
[2026-04-24T00:07:04.797+0000] {processor.py:830} INFO - Processing file /opt/airflow/dags/stock_pipeline_dag.py for tasks to queue
[2026-04-24T00:07:05.042+0000] {logging_mixin.py:188} INFO - [2026-04-24T00:07:05.020+0000] {dagbag.py:540} INFO - Filling up the DagBag from /opt/airflow/dags/stock_pipeline_dag.py
[2026-04-24T00:07:05.747+0000] {processor.py:840} INFO - DAG(s) 'stock_pipeline' retrieved from /opt/airflow/dags/stock_pipeline_dag.py
[2026-04-24T00:07:07.221+0000] {logging_mixin.py:188} INFO - [2026-04-24T00:07:07.213+0000] {dag.py:3096} INFO - Sync 1 DAGs
[2026-04-24T00:07:07.366+0000] {logging_mixin.py:188} INFO - [2026-04-24T00:07:07.365+0000] {dag.py:3954} INFO - Setting next_dagrun for stock_pipeline to 2026-04-23 06:00:00+00:00, run_after=2026-04-24 06:00:00+00:00
[2026-04-24T00:07:07.504+0000] {processor.py:183} INFO - Processing /opt/airflow/dags/stock_pipeline_dag.py took 2.898 seconds
[2026-04-24T15:47:11.710+0000] {processor.py:161} INFO - Started process (PID=1199) to work on /opt/airflow/dags/stock_pipeline_dag.py
[2026-04-24T15:47:11.807+0000] {processor.py:830} INFO - Processing file /opt/airflow/dags/stock_pipeline_dag.py for tasks to queue
[2026-04-24T15:47:11.884+0000] {logging_mixin.py:188} INFO - [2026-04-24T15:47:11.883+0000] {dagbag.py:540} INFO - Filling up the DagBag from /opt/airflow/dags/stock_pipeline_dag.py
[2026-04-24T15:47:13.506+0000] {processor.py:840} INFO - DAG(s) 'stock_pipeline' retrieved from /opt/airflow/dags/stock_pipeline_dag.py
[2026-04-24T15:47:14.062+0000] {logging_mixin.py:188} INFO - [2026-04-24T15:47:14.062+0000] {dag.py:3096} INFO - Sync 1 DAGs
[2026-04-24T15:47:14.259+0000] {logging_mixin.py:188} INFO - [2026-04-24T15:47:14.257+0000] {dag.py:3954} INFO - Setting next_dagrun for stock_pipeline to 2026-04-24 06:00:00+00:00, run_after=2026-04-27 06:00:00+00:00
[2026-04-24T15:47:14.603+0000] {processor.py:183} INFO - Processing /opt/airflow/dags/stock_pipeline_dag.py took 2.959 seconds
[2026-04-24T15:47:45.291+0000] {processor.py:161} INFO - Started process (PID=1207) to work on /opt/airflow/dags/stock_pipeline_dag.py
[2026-04-24T15:47:45.296+0000] {processor.py:830} INFO - Processing file /opt/airflow/dags/stock_pipeline_dag.py for tasks to queue
[2026-04-24T15:47:45.312+0000] {logging_mixin.py:188} INFO - [2026-04-24T15:47:45.311+0000] {dagbag.py:540} INFO - Filling up the DagBag from /opt/airflow/dags/stock_pipeline_dag.py
[2026-04-24T15:47:45.547+0000] {processor.py:840} INFO - DAG(s) 'stock_pipeline' retrieved from /opt/airflow/dags/stock_pipeline_dag.py
[2026-04-24T15:47:45.688+0000] {logging_mixin.py:188} INFO - [2026-04-24T15:47:45.686+0000] {dag.py:3096} INFO - Sync 1 DAGs
[2026-04-24T15:47:45.887+0000] {logging_mixin.py:188} INFO - [2026-04-24T15:47:45.887+0000] {dag.py:3954} INFO - Setting next_dagrun for stock_pipeline to 2026-04-24 06:00:00+00:00, run_after=2026-04-27 06:00:00+00:00
[2026-04-24T15:47:46.066+0000] {processor.py:183} INFO - Processing /opt/airflow/dags/stock_pipeline_dag.py took 0.797 seconds
[2026-04-24T15:48:16.467+0000] {processor.py:161} INFO - Started process (PID=1249) to work on /opt/airflow/dags/stock_pipeline_dag.py
[2026-04-24T15:48:16.469+0000] {processor.py:830} INFO - Processing file /opt/airflow/dags/stock_pipeline_dag.py for tasks to queue
[2026-04-24T15:48:16.472+0000] {logging_mixin.py:188} INFO - [2026-04-24T15:48:16.472+0000] {dagbag.py:540} INFO - Filling up the DagBag from /opt/airflow/dags/stock_pipeline_dag.py
[2026-04-24T15:48:16.517+0000] {processor.py:840} INFO - DAG(s) 'stock_pipeline' retrieved from /opt/airflow/dags/stock_pipeline_dag.py
[2026-04-24T15:48:16.561+0000] {logging_mixin.py:188} INFO - [2026-04-24T15:48:16.560+0000] {dag.py:3096} INFO - Sync 1 DAGs
[2026-04-24T15:48:16.607+0000] {logging_mixin.py:188} INFO - [2026-04-24T15:48:16.607+0000] {dag.py:3954} INFO - Setting next_dagrun for stock_pipeline to 2026-04-24 06:00:00+00:00, run_after=2026-04-27 06:00:00+00:00
[2026-04-24T15:48:16.645+0000] {processor.py:183} INFO - Processing /opt/airflow/dags/stock_pipeline_dag.py took 0.187 seconds
[2026-04-24T15:48:46.751+0000] {processor.py:161} INFO - Started process (PID=1310) to work on /opt/airflow/dags/stock_pipeline_dag.py
[2026-04-24T15:48:46.753+0000] {processor.py:830} INFO - Processing file /opt/airflow/dags/stock_pipeline_dag.py for tasks to queue
[2026-04-24T15:48:46.757+0000] {logging_mixin.py:188} INFO - [2026-04-24T15:48:46.756+0000] {dagbag.py:540} INFO - Filling up the DagBag from /opt/airflow/dags/stock_pipeline_dag.py
[2026-04-24T15:48:46.809+0000] {processor.py:840} INFO - DAG(s) 'stock_pipeline' retrieved from /opt/airflow/dags/stock_pipeline_dag.py
[2026-04-24T15:48:46.851+0000] {logging_mixin.py:188} INFO - [2026-04-24T15:48:46.850+0000] {dag.py:3096} INFO - Sync 1 DAGs
[2026-04-24T15:48:46.885+0000] {logging_mixin.py:188} INFO - [2026-04-24T15:48:46.885+0000] {dag.py:3954} INFO - Setting next_dagrun for stock_pipeline to 2026-04-24 06:00:00+00:00, run_after=2026-04-27 06:00:00+00:00
[2026-04-24T15:48:46.923+0000] {processor.py:183} INFO - Processing /opt/airflow/dags/stock_pipeline_dag.py took 0.181 seconds
[2026-04-24T15:49:17.244+0000] {processor.py:161} INFO - Started process (PID=2099) to work on /opt/airflow/dags/stock_pipeline_dag.py
[2026-04-24T15:49:17.246+0000] {processor.py:830} INFO - Processing file /opt/airflow/dags/stock_pipeline_dag.py for tasks to queue
[2026-04-24T15:49:17.249+0000] {logging_mixin.py:188} INFO - [2026-04-24T15:49:17.248+0000] {dagbag.py:540} INFO - Filling up the DagBag from /opt/airflow/dags/stock_pipeline_dag.py
[2026-04-24T15:49:17.304+0000] {processor.py:840} INFO - DAG(s) 'stock_pipeline' retrieved from /opt/airflow/dags/stock_pipeline_dag.py
[2026-04-24T15:49:17.336+0000] {logging_mixin.py:188} INFO - [2026-04-24T15:49:17.335+0000] {dag.py:3096} INFO - Sync 1 DAGs
[2026-04-24T15:49:17.362+0000] {logging_mixin.py:188} INFO - [2026-04-24T15:49:17.362+0000] {dag.py:3954} INFO - Setting next_dagrun for stock_pipeline to 2026-04-24 06:00:00+00:00, run_after=2026-04-27 06:00:00+00:00
[2026-04-24T15:49:17.388+0000] {processor.py:183} INFO - Processing /opt/airflow/dags/stock_pipeline_dag.py took 0.153 seconds
[2026-04-24T15:49:47.584+0000] {processor.py:161} INFO - Started process (PID=2104) to work on /opt/airflow/dags/stock_pipeline_dag.py
[2026-04-24T15:49:47.586+0000] {processor.py:830} INFO - Processing file /opt/airflow/dags/stock_pipeline_dag.py for tasks to queue
[2026-04-24T15:49:47.590+0000] {logging_mixin.py:188} INFO - [2026-04-24T15:49:47.589+0000] {dagbag.py:540} INFO - Filling up the DagBag from /opt/airflow/dags/stock_pipeline_dag.py
[2026-04-24T15:49:47.654+0000] {processor.py:840} INFO - DAG(s) 'stock_pipeline' retrieved from /opt/airflow/dags/stock_pipeline_dag.py
[2026-04-24T15:49:47.684+0000] {logging_mixin.py:188} INFO - [2026-04-24T15:49:47.684+0000] {dag.py:3096} INFO - Sync 1 DAGs
[2026-04-24T15:49:47.704+0000] {logging_mixin.py:188} INFO - [2026-04-24T15:49:47.704+0000] {dag.py:3954} INFO - Setting next_dagrun for stock_pipeline to 2026-04-24 06:00:00+00:00, run_after=2026-04-27 06:00:00+00:00
[2026-04-24T15:49:47.729+0000] {processor.py:183} INFO - Processing /opt/airflow/dags/stock_pipeline_dag.py took 0.156 seconds
[2026-04-24T15:50:18.047+0000] {processor.py:161} INFO - Started process (PID=2109) to work on /opt/airflow/dags/stock_pipeline_dag.py
[2026-04-24T15:50:18.048+0000] {processor.py:830} INFO - Processing file /opt/airflow/dags/stock_pipeline_dag.py for tasks to queue
[2026-04-24T15:50:18.050+0000] {logging_mixin.py:188} INFO - [2026-04-24T15:50:18.050+0000] {dagbag.py:540} INFO - Filling up the DagBag from /opt/airflow/dags/stock_pipeline_dag.py
[2026-04-24T15:50:18.089+0000] {processor.py:840} INFO - DAG(s) 'stock_pipeline' retrieved from /opt/airflow/dags/stock_pipeline_dag.py
[2026-04-24T15:50:18.112+0000] {logging_mixin.py:188} INFO - [2026-04-24T15:50:18.111+0000] {dag.py:3096} INFO - Sync 1 DAGs
[2026-04-24T15:50:18.130+0000] {logging_mixin.py:188} INFO - [2026-04-24T15:50:18.129+0000] {dag.py:3954} INFO - Setting next_dagrun for stock_pipeline to 2026-04-24 06:00:00+00:00, run_after=2026-04-27 06:00:00+00:00
[2026-04-24T15:50:18.152+0000] {processor.py:183} INFO - Processing /opt/airflow/dags/stock_pipeline_dag.py took 0.112 seconds
[2026-04-24T15:50:48.374+0000] {processor.py:161} INFO - Started process (PID=2114) to work on /opt/airflow/dags/stock_pipeline_dag.py
[2026-04-24T15:50:48.376+0000] {processor.py:830} INFO - Processing file /opt/airflow/dags/stock_pipeline_dag.py for tasks to queue
[2026-04-24T15:50:48.377+0000] {logging_mixin.py:188} INFO - [2026-04-24T15:50:48.377+0000] {dagbag.py:540} INFO - Filling up the DagBag from /opt/airflow/dags/stock_pipeline_dag.py
[2026-04-24T15:50:48.408+0000] {processor.py:840} INFO - DAG(s) 'stock_pipeline' retrieved from /opt/airflow/dags/stock_pipeline_dag.py
[2026-04-24T15:50:48.434+0000] {logging_mixin.py:188} INFO - [2026-04-24T15:50:48.433+0000] {dag.py:3096} INFO - Sync 1 DAGs
[2026-04-24T15:50:48.456+0000] {logging_mixin.py:188} INFO - [2026-04-24T15:50:48.456+0000] {dag.py:3954} INFO - Setting next_dagrun for stock_pipeline to 2026-04-24 06:00:00+00:00, run_after=2026-04-27 06:00:00+00:00
[2026-04-24T15:50:48.484+0000] {processor.py:183} INFO - Processing /opt/airflow/dags/stock_pipeline_dag.py took 0.115 seconds
[2026-04-24T15:51:18.799+0000] {processor.py:161} INFO - Started process (PID=2119) to work on /opt/airflow/dags/stock_pipeline_dag.py
[2026-04-24T15:51:18.800+0000] {processor.py:830} INFO - Processing file /opt/airflow/dags/stock_pipeline_dag.py for tasks to queue
[2026-04-24T15:51:18.802+0000] {logging_mixin.py:188} INFO - [2026-04-24T15:51:18.802+0000] {dagbag.py:540} INFO - Filling up the DagBag from /opt/airflow/dags/stock_pipeline_dag.py
[2026-04-24T15:51:18.858+0000] {processor.py:840} INFO - DAG(s) 'stock_pipeline' retrieved from /opt/airflow/dags/stock_pipeline_dag.py
[2026-04-24T15:51:18.893+0000] {logging_mixin.py:188} INFO - [2026-04-24T15:51:18.892+0000] {dag.py:3096} INFO - Sync 1 DAGs
[2026-04-24T15:51:18.913+0000] {logging_mixin.py:188} INFO - [2026-04-24T15:51:18.913+0000] {dag.py:3954} INFO - Setting next_dagrun for stock_pipeline to 2026-04-24 06:00:00+00:00, run_after=2026-04-27 06:00:00+00:00
[2026-04-24T15:51:18.934+0000] {processor.py:183} INFO - Processing /opt/airflow/dags/stock_pipeline_dag.py took 0.143 seconds
[2026-04-24T15:51:49.081+0000] {processor.py:161} INFO - Started process (PID=2124) to work on /opt/airflow/dags/stock_pipeline_dag.py
[2026-04-24T15:51:49.082+0000] {processor.py:830} INFO - Processing file /opt/airflow/dags/stock_pipeline_dag.py for tasks to queue
[2026-04-24T15:51:49.084+0000] {logging_mixin.py:188} INFO - [2026-04-24T15:51:49.084+0000] {dagbag.py:540} INFO - Filling up the DagBag from /opt/airflow/dags/stock_pipeline_dag.py
[2026-04-24T15:51:49.136+0000] {processor.py:840} INFO - DAG(s) 'stock_pipeline' retrieved from /opt/airflow/dags/stock_pipeline_dag.py
[2026-04-24T15:51:49.174+0000] {logging_mixin.py:188} INFO - [2026-04-24T15:51:49.174+0000] {dag.py:3096} INFO - Sync 1 DAGs
[2026-04-24T15:51:49.192+0000] {logging_mixin.py:188} INFO - [2026-04-24T15:51:49.192+0000] {dag.py:3954} INFO - Setting next_dagrun for stock_pipeline to 2026-04-24 06:00:00+00:00, run_after=2026-04-27 06:00:00+00:00
[2026-04-24T15:51:49.216+0000] {processor.py:183} INFO - Processing /opt/airflow/dags/stock_pipeline_dag.py took 0.141 seconds
[2026-04-24T15:52:19.590+0000] {processor.py:161} INFO - Started process (PID=2129) to work on /opt/airflow/dags/stock_pipeline_dag.py
[2026-04-24T15:52:19.591+0000] {processor.py:830} INFO - Processing file /opt/airflow/dags/stock_pipeline_dag.py for tasks to queue
[2026-04-24T15:52:19.595+0000] {logging_mixin.py:188} INFO - [2026-04-24T15:52:19.594+0000] {dagbag.py:540} INFO - Filling up the DagBag from /opt/airflow/dags/stock_pipeline_dag.py
[2026-04-24T15:52:19.635+0000] {processor.py:840} INFO - DAG(s) 'stock_pipeline' retrieved from /opt/airflow/dags/stock_pipeline_dag.py
[2026-04-24T15:52:19.663+0000] {logging_mixin.py:188} INFO - [2026-04-24T15:52:19.663+0000] {dag.py:3096} INFO - Sync 1 DAGs
[2026-04-24T15:52:19.719+0000] {logging_mixin.py:188} INFO - [2026-04-24T15:52:19.718+0000] {dag.py:3954} INFO - Setting next_dagrun for stock_pipeline to 2026-04-24 06:00:00+00:00, run_after=2026-04-27 06:00:00+00:00
[2026-04-24T15:52:19.753+0000] {processor.py:183} INFO - Processing /opt/airflow/dags/stock_pipeline_dag.py took 0.168 seconds
[2026-04-24T15:52:49.934+0000] {processor.py:161} INFO - Started process (PID=2134) to work on /opt/airflow/dags/stock_pipeline_dag.py
[2026-04-24T15:52:49.936+0000] {processor.py:830} INFO - Processing file /opt/airflow/dags/stock_pipeline_dag.py for tasks to queue
[2026-04-24T15:52:49.938+0000] {logging_mixin.py:188} INFO - [2026-04-24T15:52:49.938+0000] {dagbag.py:540} INFO - Filling up the DagBag from /opt/airflow/dags/stock_pipeline_dag.py
[2026-04-24T15:52:49.992+0000] {processor.py:840} INFO - DAG(s) 'stock_pipeline' retrieved from /opt/airflow/dags/stock_pipeline_dag.py
[2026-04-24T15:52:50.020+0000] {logging_mixin.py:188} INFO - [2026-04-24T15:52:50.020+0000] {dag.py:3096} INFO - Sync 1 DAGs
[2026-04-24T15:52:50.043+0000] {logging_mixin.py:188} INFO - [2026-04-24T15:52:50.043+0000] {dag.py:3954} INFO - Setting next_dagrun for stock_pipeline to 2026-04-24 06:00:00+00:00, run_after=2026-04-27 06:00:00+00:00
[2026-04-24T15:52:50.071+0000] {processor.py:183} INFO - Processing /opt/airflow/dags/stock_pipeline_dag.py took 0.145 seconds
[2026-04-24T15:53:20.347+0000] {processor.py:161} INFO - Started process (PID=2139) to work on /opt/airflow/dags/stock_pipeline_dag.py
[2026-04-24T15:53:20.348+0000] {processor.py:830} INFO - Processing file /opt/airflow/dags/stock_pipeline_dag.py for tasks to queue
[2026-04-24T15:53:20.350+0000] {logging_mixin.py:188} INFO - [2026-04-24T15:53:20.350+0000] {dagbag.py:540} INFO - Filling up the DagBag from /opt/airflow/dags/stock_pipeline_dag.py
[2026-04-24T15:53:20.389+0000] {processor.py:840} INFO - DAG(s) 'stock_pipeline' retrieved from /opt/airflow/dags/stock_pipeline_dag.py
[2026-04-24T15:53:20.414+0000] {logging_mixin.py:188} INFO - [2026-04-24T15:53:20.414+0000] {dag.py:3096} INFO - Sync 1 DAGs
[2026-04-24T15:53:20.435+0000] {logging_mixin.py:188} INFO - [2026-04-24T15:53:20.435+0000] {dag.py:3954} INFO - Setting next_dagrun for stock_pipeline to 2026-04-24 06:00:00+00:00, run_after=2026-04-27 06:00:00+00:00
[2026-04-24T15:53:20.454+0000] {processor.py:183} INFO - Processing /opt/airflow/dags/stock_pipeline_dag.py took 0.113 seconds
[2026-04-24T15:53:50.643+0000] {processor.py:161} INFO - Started process (PID=2144) to work on /opt/airflow/dags/stock_pipeline_dag.py
[2026-04-24T15:53:50.645+0000] {processor.py:830} INFO - Processing file /opt/airflow/dags/stock_pipeline_dag.py for tasks to queue
[2026-04-24T15:53:50.647+0000] {logging_mixin.py:188} INFO - [2026-04-24T15:53:50.647+0000] {dagbag.py:540} INFO - Filling up the DagBag from /opt/airflow/dags/stock_pipeline_dag.py
[2026-04-24T15:53:50.681+0000] {processor.py:840} INFO - DAG(s) 'stock_pipeline' retrieved from /opt/airflow/dags/stock_pipeline_dag.py
[2026-04-24T15:53:50.709+0000] {logging_mixin.py:188} INFO - [2026-04-24T15:53:50.708+0000] {dag.py:3096} INFO - Sync 1 DAGs
[2026-04-24T15:53:50.728+0000] {logging_mixin.py:188} INFO - [2026-04-24T15:53:50.727+0000] {dag.py:3954} INFO - Setting next_dagrun for stock_pipeline to 2026-04-24 06:00:00+00:00, run_after=2026-04-27 06:00:00+00:00
[2026-04-24T15:53:50.748+0000] {processor.py:183} INFO - Processing /opt/airflow/dags/stock_pipeline_dag.py took 0.111 seconds
[2026-04-24T15:54:20.964+0000] {processor.py:161} INFO - Started process (PID=2149) to work on /opt/airflow/dags/stock_pipeline_dag.py
[2026-04-24T15:54:20.965+0000] {processor.py:830} INFO - Processing file /opt/airflow/dags/stock_pipeline_dag.py for tasks to queue
[2026-04-24T15:54:20.968+0000] {logging_mixin.py:188} INFO - [2026-04-24T15:54:20.967+0000] {dagbag.py:540} INFO - Filling up the DagBag from /opt/airflow/dags/stock_pipeline_dag.py
[2026-04-24T15:54:21.014+0000] {processor.py:840} INFO - DAG(s) 'stock_pipeline' retrieved from /opt/airflow/dags/stock_pipeline_dag.py
[2026-04-24T15:54:21.041+0000] {logging_mixin.py:188} INFO - [2026-04-24T15:54:21.041+0000] {dag.py:3096} INFO - Sync 1 DAGs
[2026-04-24T15:54:21.062+0000] {logging_mixin.py:188} INFO - [2026-04-24T15:54:21.062+0000] {dag.py:3954} INFO - Setting next_dagrun for stock_pipeline to 2026-04-24 06:00:00+00:00, run_after=2026-04-27 06:00:00+00:00
[2026-04-24T15:54:21.081+0000] {processor.py:183} INFO - Processing /opt/airflow/dags/stock_pipeline_dag.py took 0.125 seconds
[2026-04-24T15:54:51.417+0000] {processor.py:161} INFO - Started process (PID=2154) to work on /opt/airflow/dags/stock_pipeline_dag.py
[2026-04-24T15:54:51.418+0000] {processor.py:830} INFO - Processing file /opt/airflow/dags/stock_pipeline_dag.py for tasks to queue
[2026-04-24T15:54:51.421+0000] {logging_mixin.py:188} INFO - [2026-04-24T15:54:51.421+0000] {dagbag.py:540} INFO - Filling up the DagBag from /opt/airflow/dags/stock_pipeline_dag.py
[2026-04-24T15:54:51.457+0000] {processor.py:840} INFO - DAG(s) 'stock_pipeline' retrieved from /opt/airflow/dags/stock_pipeline_dag.py
[2026-04-24T15:54:51.489+0000] {logging_mixin.py:188} INFO - [2026-04-24T15:54:51.488+0000] {dag.py:3096} INFO - Sync 1 DAGs
[2026-04-24T15:54:51.513+0000] {logging_mixin.py:188} INFO - [2026-04-24T15:54:51.513+0000] {dag.py:3954} INFO - Setting next_dagrun for stock_pipeline to 2026-04-24 06:00:00+00:00, run_after=2026-04-27 06:00:00+00:00
[2026-04-24T15:54:51.532+0000] {processor.py:183} INFO - Processing /opt/airflow/dags/stock_pipeline_dag.py took 0.122 seconds
[2026-04-24T15:55:21.727+0000] {processor.py:161} INFO - Started process (PID=2159) to work on /opt/airflow/dags/stock_pipeline_dag.py
[2026-04-24T15:55:21.728+0000] {processor.py:830} INFO - Processing file /opt/airflow/dags/stock_pipeline_dag.py for tasks to queue
[2026-04-24T15:55:21.730+0000] {logging_mixin.py:188} INFO - [2026-04-24T15:55:21.730+0000] {dagbag.py:540} INFO - Filling up the DagBag from /opt/airflow/dags/stock_pipeline_dag.py
[2026-04-24T15:55:21.769+0000] {processor.py:840} INFO - DAG(s) 'stock_pipeline' retrieved from /opt/airflow/dags/stock_pipeline_dag.py
[2026-04-24T15:55:21.808+0000] {logging_mixin.py:188} INFO - [2026-04-24T15:55:21.808+0000] {dag.py:3096} INFO - Sync 1 DAGs
[2026-04-24T15:55:21.830+0000] {logging_mixin.py:188} INFO - [2026-04-24T15:55:21.829+0000] {dag.py:3954} INFO - Setting next_dagrun for stock_pipeline to 2026-04-24 06:00:00+00:00, run_after=2026-04-27 06:00:00+00:00
[2026-04-24T15:55:21.848+0000] {processor.py:183} INFO - Processing /opt/airflow/dags/stock_pipeline_dag.py took 0.127 seconds
[2026-04-24T15:55:52.189+0000] {processor.py:161} INFO - Started process (PID=2164) to work on /opt/airflow/dags/stock_pipeline_dag.py
[2026-04-24T15:55:52.190+0000] {processor.py:830} INFO - Processing file /opt/airflow/dags/stock_pipeline_dag.py for tasks to queue
[2026-04-24T15:55:52.192+0000] {logging_mixin.py:188} INFO - [2026-04-24T15:55:52.192+0000] {dagbag.py:540} INFO - Filling up the DagBag from /opt/airflow/dags/stock_pipeline_dag.py
[2026-04-24T15:55:52.225+0000] {processor.py:840} INFO - DAG(s) 'stock_pipeline' retrieved from /opt/airflow/dags/stock_pipeline_dag.py
[2026-04-24T15:55:52.248+0000] {logging_mixin.py:188} INFO - [2026-04-24T15:55:52.248+0000] {dag.py:3096} INFO - Sync 1 DAGs
[2026-04-24T15:55:52.266+0000] {logging_mixin.py:188} INFO - [2026-04-24T15:55:52.265+0000] {dag.py:3954} INFO - Setting next_dagrun for stock_pipeline to 2026-04-24 06:00:00+00:00, run_after=2026-04-27 06:00:00+00:00
[2026-04-24T15:55:52.287+0000] {processor.py:183} INFO - Processing /opt/airflow/dags/stock_pipeline_dag.py took 0.105 seconds
[2026-04-24T15:56:22.571+0000] {processor.py:161} INFO - Started process (PID=2169) to work on /opt/airflow/dags/stock_pipeline_dag.py
[2026-04-24T15:56:22.573+0000] {processor.py:830} INFO - Processing file /opt/airflow/dags/stock_pipeline_dag.py for tasks to queue
[2026-04-24T15:56:22.576+0000] {logging_mixin.py:188} INFO - [2026-04-24T15:56:22.576+0000] {dagbag.py:540} INFO - Filling up the DagBag from /opt/airflow/dags/stock_pipeline_dag.py
[2026-04-24T15:56:22.618+0000] {processor.py:840} INFO - DAG(s) 'stock_pipeline' retrieved from /opt/airflow/dags/stock_pipeline_dag.py
[2026-04-24T15:56:22.642+0000] {logging_mixin.py:188} INFO - [2026-04-24T15:56:22.642+0000] {dag.py:3096} INFO - Sync 1 DAGs
[2026-04-24T15:56:22.663+0000] {logging_mixin.py:188} INFO - [2026-04-24T15:56:22.663+0000] {dag.py:3954} INFO - Setting next_dagrun for stock_pipeline to 2026-04-24 06:00:00+00:00, run_after=2026-04-27 06:00:00+00:00
[2026-04-24T15:56:22.687+0000] {processor.py:183} INFO - Processing /opt/airflow/dags/stock_pipeline_dag.py took 0.126 seconds
[2026-04-24T15:56:52.976+0000] {processor.py:161} INFO - Started process (PID=2174) to work on /opt/airflow/dags/stock_pipeline_dag.py
[2026-04-24T15:56:52.977+0000] {processor.py:830} INFO - Processing file /opt/airflow/dags/stock_pipeline_dag.py for tasks to queue
[2026-04-24T15:56:52.979+0000] {logging_mixin.py:188} INFO - [2026-04-24T15:56:52.979+0000] {dagbag.py:540} INFO - Filling up the DagBag from /opt/airflow/dags/stock_pipeline_dag.py
[2026-04-24T15:56:53.033+0000] {processor.py:840} INFO - DAG(s) 'stock_pipeline' retrieved from /opt/airflow/dags/stock_pipeline_dag.py
[2026-04-24T15:56:53.055+0000] {logging_mixin.py:188} INFO - [2026-04-24T15:56:53.055+0000] {dag.py:3096} INFO - Sync 1 DAGs
[2026-04-24T15:56:53.075+0000] {logging_mixin.py:188} INFO - [2026-04-24T15:56:53.075+0000] {dag.py:3954} INFO - Setting next_dagrun for stock_pipeline to 2026-04-24 06:00:00+00:00, run_after=2026-04-27 06:00:00+00:00
[2026-04-24T15:56:53.093+0000] {processor.py:183} INFO - Processing /opt/airflow/dags/stock_pipeline_dag.py took 0.124 seconds
[2026-04-24T15:57:23.380+0000] {processor.py:161} INFO - Started process (PID=2179) to work on /opt/airflow/dags/stock_pipeline_dag.py
[2026-04-24T15:57:23.382+0000] {processor.py:830} INFO - Processing file /opt/airflow/dags/stock_pipeline_dag.py for tasks to queue
[2026-04-24T15:57:23.384+0000] {logging_mixin.py:188} INFO - [2026-04-24T15:57:23.384+0000] {dagbag.py:540} INFO - Filling up the DagBag from /opt/airflow/dags/stock_pipeline_dag.py
[2026-04-24T15:57:23.430+0000] {processor.py:840} INFO - DAG(s) 'stock_pipeline' retrieved from /opt/airflow/dags/stock_pipeline_dag.py
[2026-04-24T15:57:23.458+0000] {logging_mixin.py:188} INFO - [2026-04-24T15:57:23.458+0000] {dag.py:3096} INFO - Sync 1 DAGs
[2026-04-24T15:57:23.485+0000] {logging_mixin.py:188} INFO - [2026-04-24T15:57:23.485+0000] {dag.py:3954} INFO - Setting next_dagrun for stock_pipeline to 2026-04-24 06:00:00+00:00, run_after=2026-04-27 06:00:00+00:00
[2026-04-24T15:57:23.511+0000] {processor.py:183} INFO - Processing /opt/airflow/dags/stock_pipeline_dag.py took 0.137 seconds
[2026-04-24T15:57:53.842+0000] {processor.py:161} INFO - Started process (PID=2184) to work on /opt/airflow/dags/stock_pipeline_dag.py
[2026-04-24T15:57:53.844+0000] {processor.py:830} INFO - Processing file /opt/airflow/dags/stock_pipeline_dag.py for tasks to queue
[2026-04-24T15:57:53.848+0000] {logging_mixin.py:188} INFO - [2026-04-24T15:57:53.848+0000] {dagbag.py:540} INFO - Filling up the DagBag from /opt/airflow/dags/stock_pipeline_dag.py
[2026-04-24T15:57:53.912+0000] {processor.py:840} INFO - DAG(s) 'stock_pipeline' retrieved from /opt/airflow/dags/stock_pipeline_dag.py
[2026-04-24T15:57:53.936+0000] {logging_mixin.py:188} INFO - [2026-04-24T15:57:53.935+0000] {dag.py:3096} INFO - Sync 1 DAGs
[2026-04-24T15:57:53.956+0000] {logging_mixin.py:188} INFO - [2026-04-24T15:57:53.956+0000] {dag.py:3954} INFO - Setting next_dagrun for stock_pipeline to 2026-04-24 06:00:00+00:00, run_after=2026-04-27 06:00:00+00:00
[2026-04-24T15:57:53.989+0000] {processor.py:183} INFO - Processing /opt/airflow/dags/stock_pipeline_dag.py took 0.155 seconds
[2026-04-24T15:58:24.160+0000] {processor.py:161} INFO - Started process (PID=2189) to work on /opt/airflow/dags/stock_pipeline_dag.py
[2026-04-24T15:58:24.161+0000] {processor.py:830} INFO - Processing file /opt/airflow/dags/stock_pipeline_dag.py for tasks to queue
[2026-04-24T15:58:24.163+0000] {logging_mixin.py:188} INFO - [2026-04-24T15:58:24.163+0000] {dagbag.py:540} INFO - Filling up the DagBag from /opt/airflow/dags/stock_pipeline_dag.py
[2026-04-24T15:58:24.227+0000] {processor.py:840} INFO - DAG(s) 'stock_pipeline' retrieved from /opt/airflow/dags/stock_pipeline_dag.py
[2026-04-24T15:58:24.259+0000] {logging_mixin.py:188} INFO - [2026-04-24T15:58:24.259+0000] {dag.py:3096} INFO - Sync 1 DAGs
[2026-04-24T15:58:24.280+0000] {logging_mixin.py:188} INFO - [2026-04-24T15:58:24.280+0000] {dag.py:3954} INFO - Setting next_dagrun for stock_pipeline to 2026-04-24 06:00:00+00:00, run_after=2026-04-27 06:00:00+00:00
[2026-04-24T15:58:24.304+0000] {processor.py:183} INFO - Processing /opt/airflow/dags/stock_pipeline_dag.py took 0.152 seconds
[2026-04-24T15:58:54.652+0000] {processor.py:161} INFO - Started process (PID=2194) to work on /opt/airflow/dags/stock_pipeline_dag.py
[2026-04-24T15:58:54.653+0000] {processor.py:830} INFO - Processing file /opt/airflow/dags/stock_pipeline_dag.py for tasks to queue
[2026-04-24T15:58:54.656+0000] {logging_mixin.py:188} INFO - [2026-04-24T15:58:54.656+0000] {dagbag.py:540} INFO - Filling up the DagBag from /opt/airflow/dags/stock_pipeline_dag.py
[2026-04-24T15:58:54.694+0000] {processor.py:840} INFO - DAG(s) 'stock_pipeline' retrieved from /opt/airflow/dags/stock_pipeline_dag.py
[2026-04-24T15:58:54.718+0000] {logging_mixin.py:188} INFO - [2026-04-24T15:58:54.718+0000] {dag.py:3096} INFO - Sync 1 DAGs
[2026-04-24T15:58:54.737+0000] {logging_mixin.py:188} INFO - [2026-04-24T15:58:54.736+0000] {dag.py:3954} INFO - Setting next_dagrun for stock_pipeline to 2026-04-24 06:00:00+00:00, run_after=2026-04-27 06:00:00+00:00
[2026-04-24T15:58:54.753+0000] {processor.py:183} INFO - Processing /opt/airflow/dags/stock_pipeline_dag.py took 0.107 seconds
[2026-04-24T15:59:24.984+0000] {processor.py:161} INFO - Started process (PID=2199) to work on /opt/airflow/dags/stock_pipeline_dag.py
[2026-04-24T15:59:24.985+0000] {processor.py:830} INFO - Processing file /opt/airflow/dags/stock_pipeline_dag.py for tasks to queue
[2026-04-24T15:59:24.987+0000] {logging_mixin.py:188} INFO - [2026-04-24T15:59:24.987+0000] {dagbag.py:540} INFO - Filling up the DagBag from /opt/airflow/dags/stock_pipeline_dag.py
[2026-04-24T15:59:25.028+0000] {processor.py:840} INFO - DAG(s) 'stock_pipeline' retrieved from /opt/airflow/dags/stock_pipeline_dag.py
[2026-04-24T15:59:25.057+0000] {logging_mixin.py:188} INFO - [2026-04-24T15:59:25.057+0000] {dag.py:3096} INFO - Sync 1 DAGs
[2026-04-24T15:59:25.082+0000] {logging_mixin.py:188} INFO - [2026-04-24T15:59:25.082+0000] {dag.py:3954} INFO - Setting next_dagrun for stock_pipeline to 2026-04-24 06:00:00+00:00, run_after=2026-04-27 06:00:00+00:00
[2026-04-24T15:59:25.108+0000] {processor.py:183} INFO - Processing /opt/airflow/dags/stock_pipeline_dag.py took 0.128 seconds
[2026-04-24T15:59:55.428+0000] {processor.py:161} INFO - Started process (PID=2204) to work on /opt/airflow/dags/stock_pipeline_dag.py
[2026-04-24T15:59:55.430+0000] {processor.py:830} INFO - Processing file /opt/airflow/dags/stock_pipeline_dag.py for tasks to queue
[2026-04-24T15:59:55.432+0000] {logging_mixin.py:188} INFO - [2026-04-24T15:59:55.431+0000] {dagbag.py:540} INFO - Filling up the DagBag from /opt/airflow/dags/stock_pipeline_dag.py
[2026-04-24T15:59:55.468+0000] {processor.py:840} INFO - DAG(s) 'stock_pipeline' retrieved from /opt/airflow/dags/stock_pipeline_dag.py
[2026-04-24T15:59:55.493+0000] {logging_mixin.py:188} INFO - [2026-04-24T15:59:55.493+0000] {dag.py:3096} INFO - Sync 1 DAGs
[2026-04-24T15:59:55.512+0000] {logging_mixin.py:188} INFO - [2026-04-24T15:59:55.512+0000] {dag.py:3954} INFO - Setting next_dagrun for stock_pipeline to 2026-04-24 06:00:00+00:00, run_after=2026-04-27 06:00:00+00:00
[2026-04-24T15:59:55.529+0000] {processor.py:183} INFO - Processing /opt/airflow/dags/stock_pipeline_dag.py took 0.108 seconds
[2026-04-24T16:00:25.876+0000] {processor.py:161} INFO - Started process (PID=2209) to work on /opt/airflow/dags/stock_pipeline_dag.py
[2026-04-24T16:00:25.878+0000] {processor.py:830} INFO - Processing file /opt/airflow/dags/stock_pipeline_dag.py for tasks to queue
[2026-04-24T16:00:25.882+0000] {logging_mixin.py:188} INFO - [2026-04-24T16:00:25.881+0000] {dagbag.py:540} INFO - Filling up the DagBag from /opt/airflow/dags/stock_pipeline_dag.py
[2026-04-24T16:00:25.938+0000] {processor.py:840} INFO - DAG(s) 'stock_pipeline' retrieved from /opt/airflow/dags/stock_pipeline_dag.py
[2026-04-24T16:00:25.976+0000] {logging_mixin.py:188} INFO - [2026-04-24T16:00:25.975+0000] {dag.py:3096} INFO - Sync 1 DAGs
[2026-04-24T16:00:26.001+0000] {logging_mixin.py:188} INFO - [2026-04-24T16:00:26.000+0000] {dag.py:3954} INFO - Setting next_dagrun for stock_pipeline to 2026-04-24 06:00:00+00:00, run_after=2026-04-27 06:00:00+00:00
[2026-04-24T16:00:26.037+0000] {processor.py:183} INFO - Processing /opt/airflow/dags/stock_pipeline_dag.py took 0.170 seconds
[2026-04-24T16:00:56.253+0000] {processor.py:161} INFO - Started process (PID=2214) to work on /opt/airflow/dags/stock_pipeline_dag.py
[2026-04-24T16:00:56.256+0000] {processor.py:830} INFO - Processing file /opt/airflow/dags/stock_pipeline_dag.py for tasks to queue
[2026-04-24T16:00:56.260+0000] {logging_mixin.py:188} INFO - [2026-04-24T16:00:56.259+0000] {dagbag.py:540} INFO - Filling up the DagBag from /opt/airflow/dags/stock_pipeline_dag.py
[2026-04-24T16:00:56.306+0000] {processor.py:840} INFO - DAG(s) 'stock_pipeline' retrieved from /opt/airflow/dags/stock_pipeline_dag.py
[2026-04-24T16:00:56.336+0000] {logging_mixin.py:188} INFO - [2026-04-24T16:00:56.336+0000] {dag.py:3096} INFO - Sync 1 DAGs
[2026-04-24T16:00:56.356+0000] {logging_mixin.py:188} INFO - [2026-04-24T16:00:56.356+0000] {dag.py:3954} INFO - Setting next_dagrun for stock_pipeline to 2026-04-24 06:00:00+00:00, run_after=2026-04-27 06:00:00+00:00
[2026-04-24T16:00:56.376+0000] {processor.py:183} INFO - Processing /opt/airflow/dags/stock_pipeline_dag.py took 0.134 seconds
[2026-04-24T16:01:26.768+0000] {processor.py:161} INFO - Started process (PID=2219) to work on /opt/airflow/dags/stock_pipeline_dag.py
[2026-04-24T16:01:26.770+0000] {processor.py:830} INFO - Processing file /opt/airflow/dags/stock_pipeline_dag.py for tasks to queue
[2026-04-24T16:01:26.772+0000] {logging_mixin.py:188} INFO - [2026-04-24T16:01:26.772+0000] {dagbag.py:540} INFO - Filling up the DagBag from /opt/airflow/dags/stock_pipeline_dag.py
[2026-04-24T16:01:26.810+0000] {processor.py:840} INFO - DAG(s) 'stock_pipeline' retrieved from /opt/airflow/dags/stock_pipeline_dag.py
[2026-04-24T16:01:26.840+0000] {logging_mixin.py:188} INFO - [2026-04-24T16:01:26.839+0000] {dag.py:3096} INFO - Sync 1 DAGs
[2026-04-24T16:01:26.864+0000] {logging_mixin.py:188} INFO - [2026-04-24T16:01:26.864+0000] {dag.py:3954} INFO - Setting next_dagrun for stock_pipeline to 2026-04-24 06:00:00+00:00, run_after=2026-04-27 06:00:00+00:00
[2026-04-24T16:01:26.887+0000] {processor.py:183} INFO - Processing /opt/airflow/dags/stock_pipeline_dag.py took 0.123 seconds
[2026-04-24T16:01:57.152+0000] {processor.py:161} INFO - Started process (PID=2224) to work on /opt/airflow/dags/stock_pipeline_dag.py
[2026-04-24T16:01:57.154+0000] {processor.py:830} INFO - Processing file /opt/airflow/dags/stock_pipeline_dag.py for tasks to queue
[2026-04-24T16:01:57.157+0000] {logging_mixin.py:188} INFO - [2026-04-24T16:01:57.156+0000] {dagbag.py:540} INFO - Filling up the DagBag from /opt/airflow/dags/stock_pipeline_dag.py
[2026-04-24T16:01:57.213+0000] {processor.py:840} INFO - DAG(s) 'stock_pipeline' retrieved from /opt/airflow/dags/stock_pipeline_dag.py
[2026-04-24T16:01:57.239+0000] {logging_mixin.py:188} INFO - [2026-04-24T16:01:57.239+0000] {dag.py:3096} INFO - Sync 1 DAGs
[2026-04-24T16:01:57.258+0000] {logging_mixin.py:188} INFO - [2026-04-24T16:01:57.258+0000] {dag.py:3954} INFO - Setting next_dagrun for stock_pipeline to 2026-04-24 06:00:00+00:00, run_after=2026-04-27 06:00:00+00:00
[2026-04-24T16:01:57.280+0000] {processor.py:183} INFO - Processing /opt/airflow/dags/stock_pipeline_dag.py took 0.137 seconds
[2026-04-24T16:02:27.714+0000] {processor.py:161} INFO - Started process (PID=2229) to work on /opt/airflow/dags/stock_pipeline_dag.py
[2026-04-24T16:02:27.716+0000] {processor.py:830} INFO - Processing file /opt/airflow/dags/stock_pipeline_dag.py for tasks to queue
[2026-04-24T16:02:27.718+0000] {logging_mixin.py:188} INFO - [2026-04-24T16:02:27.718+0000] {dagbag.py:540} INFO - Filling up the DagBag from /opt/airflow/dags/stock_pipeline_dag.py
[2026-04-24T16:02:27.772+0000] {processor.py:840} INFO - DAG(s) 'stock_pipeline' retrieved from /opt/airflow/dags/stock_pipeline_dag.py
[2026-04-24T16:02:27.816+0000] {logging_mixin.py:188} INFO - [2026-04-24T16:02:27.816+0000] {dag.py:3096} INFO - Sync 1 DAGs
[2026-04-24T16:02:27.840+0000] {logging_mixin.py:188} INFO - [2026-04-24T16:02:27.840+0000] {dag.py:3954} INFO - Setting next_dagrun for stock_pipeline to 2026-04-24 06:00:00+00:00, run_after=2026-04-27 06:00:00+00:00
[2026-04-24T16:02:27.864+0000] {processor.py:183} INFO - Processing /opt/airflow/dags/stock_pipeline_dag.py took 0.156 seconds
[2026-04-24T16:02:58.099+0000] {processor.py:161} INFO - Started process (PID=2234) to work on /opt/airflow/dags/stock_pipeline_dag.py
[2026-04-24T16:02:58.101+0000] {processor.py:830} INFO - Processing file /opt/airflow/dags/stock_pipeline_dag.py for tasks to queue
[2026-04-24T16:02:58.104+0000] {logging_mixin.py:188} INFO - [2026-04-24T16:02:58.104+0000] {dagbag.py:540} INFO - Filling up the DagBag from /opt/airflow/dags/stock_pipeline_dag.py
[2026-04-24T16:02:58.157+0000] {processor.py:840} INFO - DAG(s) 'stock_pipeline' retrieved from /opt/airflow/dags/stock_pipeline_dag.py
[2026-04-24T16:02:58.184+0000] {logging_mixin.py:188} INFO - [2026-04-24T16:02:58.184+0000] {dag.py:3096} INFO - Sync 1 DAGs
[2026-04-24T16:02:58.204+0000] {logging_mixin.py:188} INFO - [2026-04-24T16:02:58.204+0000] {dag.py:3954} INFO - Setting next_dagrun for stock_pipeline to 2026-04-24 06:00:00+00:00, run_after=2026-04-27 06:00:00+00:00
[2026-04-24T16:02:58.237+0000] {processor.py:183} INFO - Processing /opt/airflow/dags/stock_pipeline_dag.py took 0.149 seconds
[2026-04-24T16:03:28.512+0000] {processor.py:161} INFO - Started process (PID=2239) to work on /opt/airflow/dags/stock_pipeline_dag.py
[2026-04-24T16:03:28.513+0000] {processor.py:830} INFO - Processing file /opt/airflow/dags/stock_pipeline_dag.py for tasks to queue
[2026-04-24T16:03:28.515+0000] {logging_mixin.py:188} INFO - [2026-04-24T16:03:28.515+0000] {dagbag.py:540} INFO - Filling up the DagBag from /opt/airflow/dags/stock_pipeline_dag.py
[2026-04-24T16:03:28.564+0000] {processor.py:840} INFO - DAG(s) 'stock_pipeline' retrieved from /opt/airflow/dags/stock_pipeline_dag.py
[2026-04-24T16:03:28.587+0000] {logging_mixin.py:188} INFO - [2026-04-24T16:03:28.586+0000] {dag.py:3096} INFO - Sync 1 DAGs
[2026-04-24T16:03:28.605+0000] {logging_mixin.py:188} INFO - [2026-04-24T16:03:28.605+0000] {dag.py:3954} INFO - Setting next_dagrun for stock_pipeline to 2026-04-24 06:00:00+00:00, run_after=2026-04-27 06:00:00+00:00
[2026-04-24T16:03:28.625+0000] {processor.py:183} INFO - Processing /opt/airflow/dags/stock_pipeline_dag.py took 0.119 seconds
[2026-04-24T16:03:58.970+0000] {processor.py:161} INFO - Started process (PID=2244) to work on /opt/airflow/dags/stock_pipeline_dag.py
[2026-04-24T16:03:58.976+0000] {processor.py:830} INFO - Processing file /opt/airflow/dags/stock_pipeline_dag.py for tasks to queue
[2026-04-24T16:03:58.980+0000] {logging_mixin.py:188} INFO - [2026-04-24T16:03:58.979+0000] {dagbag.py:540} INFO - Filling up the DagBag from /opt/airflow/dags/stock_pipeline_dag.py
[2026-04-24T16:03:59.017+0000] {processor.py:840} INFO - DAG(s) 'stock_pipeline' retrieved from /opt/airflow/dags/stock_pipeline_dag.py
[2026-04-24T16:03:59.042+0000] {logging_mixin.py:188} INFO - [2026-04-24T16:03:59.042+0000] {dag.py:3096} INFO - Sync 1 DAGs
[2026-04-24T16:03:59.069+0000] {logging_mixin.py:188} INFO - [2026-04-24T16:03:59.069+0000] {dag.py:3954} INFO - Setting next_dagrun for stock_pipeline to 2026-04-24 06:00:00+00:00, run_after=2026-04-27 06:00:00+00:00
[2026-04-24T16:03:59.090+0000] {processor.py:183} INFO - Processing /opt/airflow/dags/stock_pipeline_dag.py took 0.129 seconds
[2026-04-24T16:04:29.386+0000] {processor.py:161} INFO - Started process (PID=2249) to work on /opt/airflow/dags/stock_pipeline_dag.py
[2026-04-24T16:04:29.387+0000] {processor.py:830} INFO - Processing file /opt/airflow/dags/stock_pipeline_dag.py for tasks to queue
[2026-04-24T16:04:29.390+0000] {logging_mixin.py:188} INFO - [2026-04-24T16:04:29.389+0000] {dagbag.py:540} INFO - Filling up the DagBag from /opt/airflow/dags/stock_pipeline_dag.py
[2026-04-24T16:04:29.442+0000] {processor.py:840} INFO - DAG(s) 'stock_pipeline' retrieved from /opt/airflow/dags/stock_pipeline_dag.py
[2026-04-24T16:04:29.476+0000] {logging_mixin.py:188} INFO - [2026-04-24T16:04:29.476+0000] {dag.py:3096} INFO - Sync 1 DAGs
[2026-04-24T16:04:29.503+0000] {logging_mixin.py:188} INFO - [2026-04-24T16:04:29.503+0000] {dag.py:3954} INFO - Setting next_dagrun for stock_pipeline to 2026-04-24 06:00:00+00:00, run_after=2026-04-27 06:00:00+00:00
[2026-04-24T16:04:29.527+0000] {processor.py:183} INFO - Processing /opt/airflow/dags/stock_pipeline_dag.py took 0.151 seconds
[2026-04-24T16:04:59.915+0000] {processor.py:161} INFO - Started process (PID=2254) to work on /opt/airflow/dags/stock_pipeline_dag.py
[2026-04-24T16:04:59.918+0000] {processor.py:830} INFO - Processing file /opt/airflow/dags/stock_pipeline_dag.py for tasks to queue
[2026-04-24T16:04:59.921+0000] {logging_mixin.py:188} INFO - [2026-04-24T16:04:59.921+0000] {dagbag.py:540} INFO - Filling up the DagBag from /opt/airflow/dags/stock_pipeline_dag.py
[2026-04-24T16:04:59.980+0000] {processor.py:840} INFO - DAG(s) 'stock_pipeline' retrieved from /opt/airflow/dags/stock_pipeline_dag.py
[2026-04-24T16:05:00.009+0000] {logging_mixin.py:188} INFO - [2026-04-24T16:05:00.008+0000] {dag.py:3096} INFO - Sync 1 DAGs
[2026-04-24T16:05:00.030+0000] {logging_mixin.py:188} INFO - [2026-04-24T16:05:00.030+0000] {dag.py:3954} INFO - Setting next_dagrun for stock_pipeline to 2026-04-24 06:00:00+00:00, run_after=2026-04-27 06:00:00+00:00
[2026-04-24T16:05:00.054+0000] {processor.py:183} INFO - Processing /opt/airflow/dags/stock_pipeline_dag.py took 0.154 seconds
[2026-04-24T16:05:30.286+0000] {processor.py:161} INFO - Started process (PID=2259) to work on /opt/airflow/dags/stock_pipeline_dag.py
[2026-04-24T16:05:30.287+0000] {processor.py:830} INFO - Processing file /opt/airflow/dags/stock_pipeline_dag.py for tasks to queue
[2026-04-24T16:05:30.289+0000] {logging_mixin.py:188} INFO - [2026-04-24T16:05:30.289+0000] {dagbag.py:540} INFO - Filling up the DagBag from /opt/airflow/dags/stock_pipeline_dag.py
[2026-04-24T16:05:30.329+0000] {processor.py:840} INFO - DAG(s) 'stock_pipeline' retrieved from /opt/airflow/dags/stock_pipeline_dag.py
[2026-04-24T16:05:30.354+0000] {logging_mixin.py:188} INFO - [2026-04-24T16:05:30.354+0000] {dag.py:3096} INFO - Sync 1 DAGs
[2026-04-24T16:05:30.374+0000] {logging_mixin.py:188} INFO - [2026-04-24T16:05:30.374+0000] {dag.py:3954} INFO - Setting next_dagrun for stock_pipeline to 2026-04-24 06:00:00+00:00, run_after=2026-04-27 06:00:00+00:00
[2026-04-24T16:05:30.393+0000] {processor.py:183} INFO - Processing /opt/airflow/dags/stock_pipeline_dag.py took 0.113 seconds
[2026-04-24T16:06:00.792+0000] {processor.py:161} INFO - Started process (PID=2264) to work on /opt/airflow/dags/stock_pipeline_dag.py
[2026-04-24T16:06:00.793+0000] {processor.py:830} INFO - Processing file /opt/airflow/dags/stock_pipeline_dag.py for tasks to queue
[2026-04-24T16:06:00.795+0000] {logging_mixin.py:188} INFO - [2026-04-24T16:06:00.795+0000] {dagbag.py:540} INFO - Filling up the DagBag from /opt/airflow/dags/stock_pipeline_dag.py
[2026-04-24T16:06:00.822+0000] {processor.py:840} INFO - DAG(s) 'stock_pipeline' retrieved from /opt/airflow/dags/stock_pipeline_dag.py
[2026-04-24T16:06:00.846+0000] {logging_mixin.py:188} INFO - [2026-04-24T16:06:00.846+0000] {dag.py:3096} INFO - Sync 1 DAGs
[2026-04-24T16:06:00.867+0000] {logging_mixin.py:188} INFO - [2026-04-24T16:06:00.867+0000] {dag.py:3954} INFO - Setting next_dagrun for stock_pipeline to 2026-04-24 06:00:00+00:00, run_after=2026-04-27 06:00:00+00:00
[2026-04-24T16:06:00.888+0000] {processor.py:183} INFO - Processing /opt/airflow/dags/stock_pipeline_dag.py took 0.101 seconds
[2026-04-24T16:06:31.191+0000] {processor.py:161} INFO - Started process (PID=2269) to work on /opt/airflow/dags/stock_pipeline_dag.py
[2026-04-24T16:06:31.193+0000] {processor.py:830} INFO - Processing file /opt/airflow/dags/stock_pipeline_dag.py for tasks to queue
[2026-04-24T16:06:31.196+0000] {logging_mixin.py:188} INFO - [2026-04-24T16:06:31.196+0000] {dagbag.py:540} INFO - Filling up the DagBag from /opt/airflow/dags/stock_pipeline_dag.py
[2026-04-24T16:06:31.260+0000] {processor.py:840} INFO - DAG(s) 'stock_pipeline' retrieved from /opt/airflow/dags/stock_pipeline_dag.py
[2026-04-24T16:06:31.287+0000] {logging_mixin.py:188} INFO - [2026-04-24T16:06:31.286+0000] {dag.py:3096} INFO - Sync 1 DAGs
[2026-04-24T16:06:31.308+0000] {logging_mixin.py:188} INFO - [2026-04-24T16:06:31.308+0000] {dag.py:3954} INFO - Setting next_dagrun for stock_pipeline to 2026-04-24 06:00:00+00:00, run_after=2026-04-27 06:00:00+00:00
[2026-04-24T16:06:31.328+0000] {processor.py:183} INFO - Processing /opt/airflow/dags/stock_pipeline_dag.py took 0.148 seconds
[2026-04-24T16:07:01.591+0000] {processor.py:161} INFO - Started process (PID=2274) to work on /opt/airflow/dags/stock_pipeline_dag.py
[2026-04-24T16:07:01.592+0000] {processor.py:830} INFO - Processing file /opt/airflow/dags/stock_pipeline_dag.py for tasks to queue
[2026-04-24T16:07:01.597+0000] {logging_mixin.py:188} INFO - [2026-04-24T16:07:01.595+0000] {dagbag.py:540} INFO - Filling up the DagBag from /opt/airflow/dags/stock_pipeline_dag.py
[2026-04-24T16:07:01.644+0000] {processor.py:840} INFO - DAG(s) 'stock_pipeline' retrieved from /opt/airflow/dags/stock_pipeline_dag.py
[2026-04-24T16:07:01.667+0000] {logging_mixin.py:188} INFO - [2026-04-24T16:07:01.667+0000] {dag.py:3096} INFO - Sync 1 DAGs
[2026-04-24T16:07:01.686+0000] {logging_mixin.py:188} INFO - [2026-04-24T16:07:01.686+0000] {dag.py:3954} INFO - Setting next_dagrun for stock_pipeline to 2026-04-24 06:00:00+00:00, run_after=2026-04-27 06:00:00+00:00
[2026-04-24T16:07:01.710+0000] {processor.py:183} INFO - Processing /opt/airflow/dags/stock_pipeline_dag.py took 0.128 seconds
[2026-04-24T16:07:32.161+0000] {processor.py:161} INFO - Started process (PID=2279) to work on /opt/airflow/dags/stock_pipeline_dag.py
[2026-04-24T16:07:32.162+0000] {processor.py:830} INFO - Processing file /opt/airflow/dags/stock_pipeline_dag.py for tasks to queue
[2026-04-24T16:07:32.164+0000] {logging_mixin.py:188} INFO - [2026-04-24T16:07:32.164+0000] {dagbag.py:540} INFO - Filling up the DagBag from /opt/airflow/dags/stock_pipeline_dag.py
[2026-04-24T16:07:32.206+0000] {processor.py:840} INFO - DAG(s) 'stock_pipeline' retrieved from /opt/airflow/dags/stock_pipeline_dag.py
[2026-04-24T16:07:32.241+0000] {logging_mixin.py:188} INFO - [2026-04-24T16:07:32.241+0000] {dag.py:3096} INFO - Sync 1 DAGs
[2026-04-24T16:07:32.280+0000] {logging_mixin.py:188} INFO - [2026-04-24T16:07:32.280+0000] {dag.py:3954} INFO - Setting next_dagrun for stock_pipeline to 2026-04-24 06:00:00+00:00, run_after=2026-04-27 06:00:00+00:00
[2026-04-24T16:07:32.309+0000] {processor.py:183} INFO - Processing /opt/airflow/dags/stock_pipeline_dag.py took 0.154 seconds
[2026-04-24T16:08:02.572+0000] {processor.py:161} INFO - Started process (PID=2284) to work on /opt/airflow/dags/stock_pipeline_dag.py
[2026-04-24T16:08:02.573+0000] {processor.py:830} INFO - Processing file /opt/airflow/dags/stock_pipeline_dag.py for tasks to queue
[2026-04-24T16:08:02.575+0000] {logging_mixin.py:188} INFO - [2026-04-24T16:08:02.575+0000] {dagbag.py:540} INFO - Filling up the DagBag from /opt/airflow/dags/stock_pipeline_dag.py
[2026-04-24T16:08:02.662+0000] {processor.py:840} INFO - DAG(s) 'stock_pipeline' retrieved from /opt/airflow/dags/stock_pipeline_dag.py
[2026-04-24T16:08:02.700+0000] {logging_mixin.py:188} INFO - [2026-04-24T16:08:02.700+0000] {dag.py:3096} INFO - Sync 1 DAGs
[2026-04-24T16:08:02.729+0000] {logging_mixin.py:188} INFO - [2026-04-24T16:08:02.729+0000] {dag.py:3954} INFO - Setting next_dagrun for stock_pipeline to 2026-04-24 06:00:00+00:00, run_after=2026-04-27 06:00:00+00:00
[2026-04-24T16:08:02.746+0000] {processor.py:183} INFO - Processing /opt/airflow/dags/stock_pipeline_dag.py took 0.180 seconds
[2026-04-24T16:08:33.050+0000] {processor.py:161} INFO - Started process (PID=2289) to work on /opt/airflow/dags/stock_pipeline_dag.py
[2026-04-24T16:08:33.052+0000] {processor.py:830} INFO - Processing file /opt/airflow/dags/stock_pipeline_dag.py for tasks to queue
[2026-04-24T16:08:33.056+0000] {logging_mixin.py:188} INFO - [2026-04-24T16:08:33.056+0000] {dagbag.py:540} INFO - Filling up the DagBag from /opt/airflow/dags/stock_pipeline_dag.py
[2026-04-24T16:08:33.112+0000] {processor.py:840} INFO - DAG(s) 'stock_pipeline' retrieved from /opt/airflow/dags/stock_pipeline_dag.py
[2026-04-24T16:08:33.136+0000] {logging_mixin.py:188} INFO - [2026-04-24T16:08:33.136+0000] {dag.py:3096} INFO - Sync 1 DAGs
[2026-04-24T16:08:33.156+0000] {logging_mixin.py:188} INFO - [2026-04-24T16:08:33.156+0000] {dag.py:3954} INFO - Setting next_dagrun for stock_pipeline to 2026-04-24 06:00:00+00:00, run_after=2026-04-27 06:00:00+00:00
[2026-04-24T16:08:33.178+0000] {processor.py:183} INFO - Processing /opt/airflow/dags/stock_pipeline_dag.py took 0.140 seconds
[2026-04-24T16:09:03.452+0000] {processor.py:161} INFO - Started process (PID=2294) to work on /opt/airflow/dags/stock_pipeline_dag.py
[2026-04-24T16:09:03.453+0000] {processor.py:830} INFO - Processing file /opt/airflow/dags/stock_pipeline_dag.py for tasks to queue
[2026-04-24T16:09:03.456+0000] {logging_mixin.py:188} INFO - [2026-04-24T16:09:03.455+0000] {dagbag.py:540} INFO - Filling up the DagBag from /opt/airflow/dags/stock_pipeline_dag.py
[2026-04-24T16:09:03.495+0000] {processor.py:840} INFO - DAG(s) 'stock_pipeline' retrieved from /opt/airflow/dags/stock_pipeline_dag.py
[2026-04-24T16:09:03.520+0000] {logging_mixin.py:188} INFO - [2026-04-24T16:09:03.520+0000] {dag.py:3096} INFO - Sync 1 DAGs
[2026-04-24T16:09:03.540+0000] {logging_mixin.py:188} INFO - [2026-04-24T16:09:03.539+0000] {dag.py:3954} INFO - Setting next_dagrun for stock_pipeline to 2026-04-24 06:00:00+00:00, run_after=2026-04-27 06:00:00+00:00
[2026-04-24T16:09:03.557+0000] {processor.py:183} INFO - Processing /opt/airflow/dags/stock_pipeline_dag.py took 0.110 seconds
[2026-04-24T16:09:33.941+0000] {processor.py:161} INFO - Started process (PID=2299) to work on /opt/airflow/dags/stock_pipeline_dag.py
[2026-04-24T16:09:33.943+0000] {processor.py:830} INFO - Processing file /opt/airflow/dags/stock_pipeline_dag.py for tasks to queue
[2026-04-24T16:09:33.946+0000] {logging_mixin.py:188} INFO - [2026-04-24T16:09:33.946+0000] {dagbag.py:540} INFO - Filling up the DagBag from /opt/airflow/dags/stock_pipeline_dag.py
[2026-04-24T16:09:34.001+0000] {processor.py:840} INFO - DAG(s) 'stock_pipeline' retrieved from /opt/airflow/dags/stock_pipeline_dag.py
[2026-04-24T16:09:34.025+0000] {logging_mixin.py:188} INFO - [2026-04-24T16:09:34.025+0000] {dag.py:3096} INFO - Sync 1 DAGs
[2026-04-24T16:09:34.045+0000] {logging_mixin.py:188} INFO - [2026-04-24T16:09:34.045+0000] {dag.py:3954} INFO - Setting next_dagrun for stock_pipeline to 2026-04-24 06:00:00+00:00, run_after=2026-04-27 06:00:00+00:00
[2026-04-24T16:09:34.077+0000] {processor.py:183} INFO - Processing /opt/airflow/dags/stock_pipeline_dag.py took 0.146 seconds
[2026-04-24T16:10:04.342+0000] {processor.py:161} INFO - Started process (PID=2304) to work on /opt/airflow/dags/stock_pipeline_dag.py
[2026-04-24T16:10:04.344+0000] {processor.py:830} INFO - Processing file /opt/airflow/dags/stock_pipeline_dag.py for tasks to queue
[2026-04-24T16:10:04.347+0000] {logging_mixin.py:188} INFO - [2026-04-24T16:10:04.346+0000] {dagbag.py:540} INFO - Filling up the DagBag from /opt/airflow/dags/stock_pipeline_dag.py
[2026-04-24T16:10:04.397+0000] {processor.py:840} INFO - DAG(s) 'stock_pipeline' retrieved from /opt/airflow/dags/stock_pipeline_dag.py
[2026-04-24T16:10:04.429+0000] {logging_mixin.py:188} INFO - [2026-04-24T16:10:04.428+0000] {dag.py:3096} INFO - Sync 1 DAGs
[2026-04-24T16:10:04.448+0000] {logging_mixin.py:188} INFO - [2026-04-24T16:10:04.448+0000] {dag.py:3954} INFO - Setting next_dagrun for stock_pipeline to 2026-04-24 06:00:00+00:00, run_after=2026-04-27 06:00:00+00:00
[2026-04-24T16:10:04.472+0000] {processor.py:183} INFO - Processing /opt/airflow/dags/stock_pipeline_dag.py took 0.139 seconds
[2026-04-24T16:10:34.824+0000] {processor.py:161} INFO - Started process (PID=2309) to work on /opt/airflow/dags/stock_pipeline_dag.py
[2026-04-24T16:10:34.825+0000] {processor.py:830} INFO - Processing file /opt/airflow/dags/stock_pipeline_dag.py for tasks to queue
[2026-04-24T16:10:34.828+0000] {logging_mixin.py:188} INFO - [2026-04-24T16:10:34.827+0000] {dagbag.py:540} INFO - Filling up the DagBag from /opt/airflow/dags/stock_pipeline_dag.py
[2026-04-24T16:10:34.877+0000] {processor.py:840} INFO - DAG(s) 'stock_pipeline' retrieved from /opt/airflow/dags/stock_pipeline_dag.py
[2026-04-24T16:10:34.907+0000] {logging_mixin.py:188} INFO - [2026-04-24T16:10:34.906+0000] {dag.py:3096} INFO - Sync 1 DAGs
[2026-04-24T16:10:34.929+0000] {logging_mixin.py:188} INFO - [2026-04-24T16:10:34.929+0000] {dag.py:3954} INFO - Setting next_dagrun for stock_pipeline to 2026-04-24 06:00:00+00:00, run_after=2026-04-27 06:00:00+00:00
[2026-04-24T16:10:34.981+0000] {processor.py:183} INFO - Processing /opt/airflow/dags/stock_pipeline_dag.py took 0.162 seconds
[2026-04-24T16:11:05.252+0000] {processor.py:161} INFO - Started process (PID=2314) to work on /opt/airflow/dags/stock_pipeline_dag.py
[2026-04-24T16:11:05.254+0000] {processor.py:830} INFO - Processing file /opt/airflow/dags/stock_pipeline_dag.py for tasks to queue
[2026-04-24T16:11:05.259+0000] {logging_mixin.py:188} INFO - [2026-04-24T16:11:05.258+0000] {dagbag.py:540} INFO - Filling up the DagBag from /opt/airflow/dags/stock_pipeline_dag.py
[2026-04-24T16:11:05.326+0000] {processor.py:840} INFO - DAG(s) 'stock_pipeline' retrieved from /opt/airflow/dags/stock_pipeline_dag.py
[2026-04-24T16:11:05.367+0000] {logging_mixin.py:188} INFO - [2026-04-24T16:11:05.366+0000] {dag.py:3096} INFO - Sync 1 DAGs
[2026-04-24T16:11:05.386+0000] {logging_mixin.py:188} INFO - [2026-04-24T16:11:05.386+0000] {dag.py:3954} INFO - Setting next_dagrun for stock_pipeline to 2026-04-24 06:00:00+00:00, run_after=2026-04-27 06:00:00+00:00
[2026-04-24T16:11:05.414+0000] {processor.py:183} INFO - Processing /opt/airflow/dags/stock_pipeline_dag.py took 0.174 seconds
[2026-04-24T16:11:35.788+0000] {processor.py:161} INFO - Started process (PID=2319) to work on /opt/airflow/dags/stock_pipeline_dag.py
[2026-04-24T16:11:35.791+0000] {processor.py:830} INFO - Processing file /opt/airflow/dags/stock_pipeline_dag.py for tasks to queue
[2026-04-24T16:11:35.795+0000] {logging_mixin.py:188} INFO - [2026-04-24T16:11:35.794+0000] {dagbag.py:540} INFO - Filling up the DagBag from /opt/airflow/dags/stock_pipeline_dag.py
[2026-04-24T16:11:35.856+0000] {processor.py:840} INFO - DAG(s) 'stock_pipeline' retrieved from /opt/airflow/dags/stock_pipeline_dag.py
[2026-04-24T16:11:35.883+0000] {logging_mixin.py:188} INFO - [2026-04-24T16:11:35.883+0000] {dag.py:3096} INFO - Sync 1 DAGs
[2026-04-24T16:11:35.902+0000] {logging_mixin.py:188} INFO - [2026-04-24T16:11:35.902+0000] {dag.py:3954} INFO - Setting next_dagrun for stock_pipeline to 2026-04-24 06:00:00+00:00, run_after=2026-04-27 06:00:00+00:00
[2026-04-24T16:11:35.924+0000] {processor.py:183} INFO - Processing /opt/airflow/dags/stock_pipeline_dag.py took 0.148 seconds
[2026-04-24T16:12:06.201+0000] {processor.py:161} INFO - Started process (PID=2324) to work on /opt/airflow/dags/stock_pipeline_dag.py
[2026-04-24T16:12:06.203+0000] {processor.py:830} INFO - Processing file /opt/airflow/dags/stock_pipeline_dag.py for tasks to queue
[2026-04-24T16:12:06.207+0000] {logging_mixin.py:188} INFO - [2026-04-24T16:12:06.206+0000] {dagbag.py:540} INFO - Filling up the DagBag from /opt/airflow/dags/stock_pipeline_dag.py
[2026-04-24T16:12:06.277+0000] {processor.py:840} INFO - DAG(s) 'stock_pipeline' retrieved from /opt/airflow/dags/stock_pipeline_dag.py
[2026-04-24T16:12:06.305+0000] {logging_mixin.py:188} INFO - [2026-04-24T16:12:06.304+0000] {dag.py:3096} INFO - Sync 1 DAGs
[2026-04-24T16:12:06.325+0000] {logging_mixin.py:188} INFO - [2026-04-24T16:12:06.325+0000] {dag.py:3954} INFO - Setting next_dagrun for stock_pipeline to 2026-04-24 06:00:00+00:00, run_after=2026-04-27 06:00:00+00:00
[2026-04-24T16:12:06.346+0000] {processor.py:183} INFO - Processing /opt/airflow/dags/stock_pipeline_dag.py took 0.156 seconds
[2026-04-24T16:12:36.780+0000] {processor.py:161} INFO - Started process (PID=2329) to work on /opt/airflow/dags/stock_pipeline_dag.py
[2026-04-24T16:12:36.782+0000] {processor.py:830} INFO - Processing file /opt/airflow/dags/stock_pipeline_dag.py for tasks to queue
[2026-04-24T16:12:36.786+0000] {logging_mixin.py:188} INFO - [2026-04-24T16:12:36.785+0000] {dagbag.py:540} INFO - Filling up the DagBag from /opt/airflow/dags/stock_pipeline_dag.py
[2026-04-24T16:12:36.845+0000] {processor.py:840} INFO - DAG(s) 'stock_pipeline' retrieved from /opt/airflow/dags/stock_pipeline_dag.py
[2026-04-24T16:12:36.869+0000] {logging_mixin.py:188} INFO - [2026-04-24T16:12:36.869+0000] {dag.py:3096} INFO - Sync 1 DAGs
[2026-04-24T16:12:36.888+0000] {logging_mixin.py:188} INFO - [2026-04-24T16:12:36.887+0000] {dag.py:3954} INFO - Setting next_dagrun for stock_pipeline to 2026-04-24 06:00:00+00:00, run_after=2026-04-27 06:00:00+00:00
[2026-04-24T16:12:36.907+0000] {processor.py:183} INFO - Processing /opt/airflow/dags/stock_pipeline_dag.py took 0.139 seconds
[2026-04-24T16:13:07.172+0000] {processor.py:161} INFO - Started process (PID=2334) to work on /opt/airflow/dags/stock_pipeline_dag.py
[2026-04-24T16:13:07.174+0000] {processor.py:830} INFO - Processing file /opt/airflow/dags/stock_pipeline_dag.py for tasks to queue
[2026-04-24T16:13:07.178+0000] {logging_mixin.py:188} INFO - [2026-04-24T16:13:07.178+0000] {dagbag.py:540} INFO - Filling up the DagBag from /opt/airflow/dags/stock_pipeline_dag.py
[2026-04-24T16:13:07.238+0000] {processor.py:840} INFO - DAG(s) 'stock_pipeline' retrieved from /opt/airflow/dags/stock_pipeline_dag.py
[2026-04-24T16:13:07.268+0000] {logging_mixin.py:188} INFO - [2026-04-24T16:13:07.268+0000] {dag.py:3096} INFO - Sync 1 DAGs
[2026-04-24T16:13:07.290+0000] {logging_mixin.py:188} INFO - [2026-04-24T16:13:07.290+0000] {dag.py:3954} INFO - Setting next_dagrun for stock_pipeline to 2026-04-24 06:00:00+00:00, run_after=2026-04-27 06:00:00+00:00
[2026-04-24T16:13:07.316+0000] {processor.py:183} INFO - Processing /opt/airflow/dags/stock_pipeline_dag.py took 0.155 seconds
[2026-04-24T16:13:37.649+0000] {processor.py:161} INFO - Started process (PID=2339) to work on /opt/airflow/dags/stock_pipeline_dag.py
[2026-04-24T16:13:37.650+0000] {processor.py:830} INFO - Processing file /opt/airflow/dags/stock_pipeline_dag.py for tasks to queue
[2026-04-24T16:13:37.652+0000] {logging_mixin.py:188} INFO - [2026-04-24T16:13:37.651+0000] {dagbag.py:540} INFO - Filling up the DagBag from /opt/airflow/dags/stock_pipeline_dag.py
[2026-04-24T16:13:37.703+0000] {processor.py:840} INFO - DAG(s) 'stock_pipeline' retrieved from /opt/airflow/dags/stock_pipeline_dag.py
[2026-04-24T16:13:37.727+0000] {logging_mixin.py:188} INFO - [2026-04-24T16:13:37.726+0000] {dag.py:3096} INFO - Sync 1 DAGs
[2026-04-24T16:13:37.746+0000] {logging_mixin.py:188} INFO - [2026-04-24T16:13:37.746+0000] {dag.py:3954} INFO - Setting next_dagrun for stock_pipeline to 2026-04-24 06:00:00+00:00, run_after=2026-04-27 06:00:00+00:00
[2026-04-24T16:13:37.765+0000] {processor.py:183} INFO - Processing /opt/airflow/dags/stock_pipeline_dag.py took 0.121 seconds
[2026-04-24T16:14:08.098+0000] {processor.py:161} INFO - Started process (PID=2344) to work on /opt/airflow/dags/stock_pipeline_dag.py
[2026-04-24T16:14:08.099+0000] {processor.py:830} INFO - Processing file /opt/airflow/dags/stock_pipeline_dag.py for tasks to queue
[2026-04-24T16:14:08.101+0000] {logging_mixin.py:188} INFO - [2026-04-24T16:14:08.101+0000] {dagbag.py:540} INFO - Filling up the DagBag from /opt/airflow/dags/stock_pipeline_dag.py
[2026-04-24T16:14:08.143+0000] {processor.py:840} INFO - DAG(s) 'stock_pipeline' retrieved from /opt/airflow/dags/stock_pipeline_dag.py
[2026-04-24T16:14:08.167+0000] {logging_mixin.py:188} INFO - [2026-04-24T16:14:08.167+0000] {dag.py:3096} INFO - Sync 1 DAGs
[2026-04-24T16:14:08.192+0000] {logging_mixin.py:188} INFO - [2026-04-24T16:14:08.192+0000] {dag.py:3954} INFO - Setting next_dagrun for stock_pipeline to 2026-04-24 06:00:00+00:00, run_after=2026-04-27 06:00:00+00:00
[2026-04-24T16:14:08.214+0000] {processor.py:183} INFO - Processing /opt/airflow/dags/stock_pipeline_dag.py took 0.122 seconds
[2026-04-24T16:14:38.511+0000] {processor.py:161} INFO - Started process (PID=2349) to work on /opt/airflow/dags/stock_pipeline_dag.py
[2026-04-24T16:14:38.513+0000] {processor.py:830} INFO - Processing file /opt/airflow/dags/stock_pipeline_dag.py for tasks to queue
[2026-04-24T16:14:38.515+0000] {logging_mixin.py:188} INFO - [2026-04-24T16:14:38.514+0000] {dagbag.py:540} INFO - Filling up the DagBag from /opt/airflow/dags/stock_pipeline_dag.py
[2026-04-24T16:14:38.549+0000] {processor.py:840} INFO - DAG(s) 'stock_pipeline' retrieved from /opt/airflow/dags/stock_pipeline_dag.py
[2026-04-24T16:14:38.570+0000] {logging_mixin.py:188} INFO - [2026-04-24T16:14:38.570+0000] {dag.py:3096} INFO - Sync 1 DAGs
[2026-04-24T16:14:38.592+0000] {logging_mixin.py:188} INFO - [2026-04-24T16:14:38.592+0000] {dag.py:3954} INFO - Setting next_dagrun for stock_pipeline to 2026-04-24 06:00:00+00:00, run_after=2026-04-27 06:00:00+00:00
[2026-04-24T16:14:38.610+0000] {processor.py:183} INFO - Processing /opt/airflow/dags/stock_pipeline_dag.py took 0.104 seconds
[2026-04-24T16:15:08.935+0000] {processor.py:161} INFO - Started process (PID=2354) to work on /opt/airflow/dags/stock_pipeline_dag.py
[2026-04-24T16:15:08.937+0000] {processor.py:830} INFO - Processing file /opt/airflow/dags/stock_pipeline_dag.py for tasks to queue
[2026-04-24T16:15:08.940+0000] {logging_mixin.py:188} INFO - [2026-04-24T16:15:08.939+0000] {dagbag.py:540} INFO - Filling up the DagBag from /opt/airflow/dags/stock_pipeline_dag.py
[2026-04-24T16:15:08.985+0000] {processor.py:840} INFO - DAG(s) 'stock_pipeline' retrieved from /opt/airflow/dags/stock_pipeline_dag.py
[2026-04-24T16:15:09.015+0000] {logging_mixin.py:188} INFO - [2026-04-24T16:15:09.014+0000] {dag.py:3096} INFO - Sync 1 DAGs
[2026-04-24T16:15:09.038+0000] {logging_mixin.py:188} INFO - [2026-04-24T16:15:09.038+0000] {dag.py:3954} INFO - Setting next_dagrun for stock_pipeline to 2026-04-24 06:00:00+00:00, run_after=2026-04-27 06:00:00+00:00
[2026-04-24T16:15:09.064+0000] {processor.py:183} INFO - Processing /opt/airflow/dags/stock_pipeline_dag.py took 0.139 seconds
[2026-04-24T16:15:39.396+0000] {processor.py:161} INFO - Started process (PID=2359) to work on /opt/airflow/dags/stock_pipeline_dag.py
[2026-04-24T16:15:39.398+0000] {processor.py:830} INFO - Processing file /opt/airflow/dags/stock_pipeline_dag.py for tasks to queue
[2026-04-24T16:15:39.401+0000] {logging_mixin.py:188} INFO - [2026-04-24T16:15:39.401+0000] {dagbag.py:540} INFO - Filling up the DagBag from /opt/airflow/dags/stock_pipeline_dag.py
[2026-04-24T16:15:39.448+0000] {processor.py:840} INFO - DAG(s) 'stock_pipeline' retrieved from /opt/airflow/dags/stock_pipeline_dag.py
[2026-04-24T16:15:39.473+0000] {logging_mixin.py:188} INFO - [2026-04-24T16:15:39.473+0000] {dag.py:3096} INFO - Sync 1 DAGs
[2026-04-24T16:15:39.497+0000] {logging_mixin.py:188} INFO - [2026-04-24T16:15:39.497+0000] {dag.py:3954} INFO - Setting next_dagrun for stock_pipeline to 2026-04-24 06:00:00+00:00, run_after=2026-04-27 06:00:00+00:00
[2026-04-24T16:15:39.516+0000] {processor.py:183} INFO - Processing /opt/airflow/dags/stock_pipeline_dag.py took 0.130 seconds
[2026-04-24T16:16:09.837+0000] {processor.py:161} INFO - Started process (PID=2364) to work on /opt/airflow/dags/stock_pipeline_dag.py
[2026-04-24T16:16:09.839+0000] {processor.py:830} INFO - Processing file /opt/airflow/dags/stock_pipeline_dag.py for tasks to queue
[2026-04-24T16:16:09.843+0000] {logging_mixin.py:188} INFO - [2026-04-24T16:16:09.843+0000] {dagbag.py:540} INFO - Filling up the DagBag from /opt/airflow/dags/stock_pipeline_dag.py
[2026-04-24T16:16:09.913+0000] {processor.py:840} INFO - DAG(s) 'stock_pipeline' retrieved from /opt/airflow/dags/stock_pipeline_dag.py
[2026-04-24T16:16:09.944+0000] {logging_mixin.py:188} INFO - [2026-04-24T16:16:09.944+0000] {dag.py:3096} INFO - Sync 1 DAGs
[2026-04-24T16:16:09.965+0000] {logging_mixin.py:188} INFO - [2026-04-24T16:16:09.964+0000] {dag.py:3954} INFO - Setting next_dagrun for stock_pipeline to 2026-04-24 06:00:00+00:00, run_after=2026-04-27 06:00:00+00:00
[2026-04-24T16:16:09.986+0000] {processor.py:183} INFO - Processing /opt/airflow/dags/stock_pipeline_dag.py took 0.160 seconds
[2026-04-24T16:16:40.267+0000] {processor.py:161} INFO - Started process (PID=2369) to work on /opt/airflow/dags/stock_pipeline_dag.py
[2026-04-24T16:16:40.269+0000] {processor.py:830} INFO - Processing file /opt/airflow/dags/stock_pipeline_dag.py for tasks to queue
[2026-04-24T16:16:40.271+0000] {logging_mixin.py:188} INFO - [2026-04-24T16:16:40.271+0000] {dagbag.py:540} INFO - Filling up the DagBag from /opt/airflow/dags/stock_pipeline_dag.py
[2026-04-24T16:16:40.318+0000] {processor.py:840} INFO - DAG(s) 'stock_pipeline' retrieved from /opt/airflow/dags/stock_pipeline_dag.py
[2026-04-24T16:16:40.346+0000] {logging_mixin.py:188} INFO - [2026-04-24T16:16:40.345+0000] {dag.py:3096} INFO - Sync 1 DAGs
[2026-04-24T16:16:40.367+0000] {logging_mixin.py:188} INFO - [2026-04-24T16:16:40.367+0000] {dag.py:3954} INFO - Setting next_dagrun for stock_pipeline to 2026-04-24 06:00:00+00:00, run_after=2026-04-27 06:00:00+00:00
[2026-04-24T16:16:40.390+0000] {processor.py:183} INFO - Processing /opt/airflow/dags/stock_pipeline_dag.py took 0.129 seconds
[2026-04-24T16:17:10.785+0000] {processor.py:161} INFO - Started process (PID=2374) to work on /opt/airflow/dags/stock_pipeline_dag.py
[2026-04-24T16:17:10.787+0000] {processor.py:830} INFO - Processing file /opt/airflow/dags/stock_pipeline_dag.py for tasks to queue
[2026-04-24T16:17:10.789+0000] {logging_mixin.py:188} INFO - [2026-04-24T16:17:10.788+0000] {dagbag.py:540} INFO - Filling up the DagBag from /opt/airflow/dags/stock_pipeline_dag.py
[2026-04-24T16:17:10.844+0000] {processor.py:840} INFO - DAG(s) 'stock_pipeline' retrieved from /opt/airflow/dags/stock_pipeline_dag.py
[2026-04-24T16:17:10.876+0000] {logging_mixin.py:188} INFO - [2026-04-24T16:17:10.876+0000] {dag.py:3096} INFO - Sync 1 DAGs
[2026-04-24T16:17:10.907+0000] {logging_mixin.py:188} INFO - [2026-04-24T16:17:10.907+0000] {dag.py:3954} INFO - Setting next_dagrun for stock_pipeline to 2026-04-24 06:00:00+00:00, run_after=2026-04-27 06:00:00+00:00
[2026-04-24T16:17:10.939+0000] {processor.py:183} INFO - Processing /opt/airflow/dags/stock_pipeline_dag.py took 0.164 seconds
[2026-04-24T16:17:41.201+0000] {processor.py:161} INFO - Started process (PID=2379) to work on /opt/airflow/dags/stock_pipeline_dag.py
[2026-04-24T16:17:41.202+0000] {processor.py:830} INFO - Processing file /opt/airflow/dags/stock_pipeline_dag.py for tasks to queue
[2026-04-24T16:17:41.205+0000] {logging_mixin.py:188} INFO - [2026-04-24T16:17:41.204+0000] {dagbag.py:540} INFO - Filling up the DagBag from /opt/airflow/dags/stock_pipeline_dag.py
[2026-04-24T16:17:41.241+0000] {processor.py:840} INFO - DAG(s) 'stock_pipeline' retrieved from /opt/airflow/dags/stock_pipeline_dag.py
[2026-04-24T16:17:41.267+0000] {logging_mixin.py:188} INFO - [2026-04-24T16:17:41.267+0000] {dag.py:3096} INFO - Sync 1 DAGs
[2026-04-24T16:17:41.289+0000] {logging_mixin.py:188} INFO - [2026-04-24T16:17:41.288+0000] {dag.py:3954} INFO - Setting next_dagrun for stock_pipeline to 2026-04-24 06:00:00+00:00, run_after=2026-04-27 06:00:00+00:00
[2026-04-24T16:17:41.314+0000] {processor.py:183} INFO - Processing /opt/airflow/dags/stock_pipeline_dag.py took 0.118 seconds
[2026-04-24T16:18:11.636+0000] {processor.py:161} INFO - Started process (PID=2384) to work on /opt/airflow/dags/stock_pipeline_dag.py
[2026-04-24T16:18:11.637+0000] {processor.py:830} INFO - Processing file /opt/airflow/dags/stock_pipeline_dag.py for tasks to queue
[2026-04-24T16:18:11.638+0000] {logging_mixin.py:188} INFO - [2026-04-24T16:18:11.638+0000] {dagbag.py:540} INFO - Filling up the DagBag from /opt/airflow/dags/stock_pipeline_dag.py
[2026-04-24T16:18:11.672+0000] {processor.py:840} INFO - DAG(s) 'stock_pipeline' retrieved from /opt/airflow/dags/stock_pipeline_dag.py
[2026-04-24T16:18:11.697+0000] {logging_mixin.py:188} INFO - [2026-04-24T16:18:11.696+0000] {dag.py:3096} INFO - Sync 1 DAGs
[2026-04-24T16:18:11.719+0000] {logging_mixin.py:188} INFO - [2026-04-24T16:18:11.718+0000] {dag.py:3954} INFO - Setting next_dagrun for stock_pipeline to 2026-04-24 06:00:00+00:00, run_after=2026-04-27 06:00:00+00:00
[2026-04-24T16:18:11.739+0000] {processor.py:183} INFO - Processing /opt/airflow/dags/stock_pipeline_dag.py took 0.108 seconds
[2026-04-24T16:18:42.030+0000] {processor.py:161} INFO - Started process (PID=2389) to work on /opt/airflow/dags/stock_pipeline_dag.py
[2026-04-24T16:18:42.033+0000] {processor.py:830} INFO - Processing file /opt/airflow/dags/stock_pipeline_dag.py for tasks to queue
[2026-04-24T16:18:42.040+0000] {logging_mixin.py:188} INFO - [2026-04-24T16:18:42.039+0000] {dagbag.py:540} INFO - Filling up the DagBag from /opt/airflow/dags/stock_pipeline_dag.py
[2026-04-24T16:18:42.112+0000] {processor.py:840} INFO - DAG(s) 'stock_pipeline' retrieved from /opt/airflow/dags/stock_pipeline_dag.py
[2026-04-24T16:18:42.150+0000] {logging_mixin.py:188} INFO - [2026-04-24T16:18:42.150+0000] {dag.py:3096} INFO - Sync 1 DAGs
[2026-04-24T16:18:42.178+0000] {logging_mixin.py:188} INFO - [2026-04-24T16:18:42.177+0000] {dag.py:3954} INFO - Setting next_dagrun for stock_pipeline to 2026-04-24 06:00:00+00:00, run_after=2026-04-27 06:00:00+00:00
[2026-04-24T16:18:42.201+0000] {processor.py:183} INFO - Processing /opt/airflow/dags/stock_pipeline_dag.py took 0.187 seconds
[2026-04-24T16:19:12.435+0000] {processor.py:161} INFO - Started process (PID=2394) to work on /opt/airflow/dags/stock_pipeline_dag.py
[2026-04-24T16:19:12.437+0000] {processor.py:830} INFO - Processing file /opt/airflow/dags/stock_pipeline_dag.py for tasks to queue
[2026-04-24T16:19:12.438+0000] {logging_mixin.py:188} INFO - [2026-04-24T16:19:12.438+0000] {dagbag.py:540} INFO - Filling up the DagBag from /opt/airflow/dags/stock_pipeline_dag.py
[2026-04-24T16:19:12.479+0000] {processor.py:840} INFO - DAG(s) 'stock_pipeline' retrieved from /opt/airflow/dags/stock_pipeline_dag.py
[2026-04-24T16:19:12.514+0000] {logging_mixin.py:188} INFO - [2026-04-24T16:19:12.513+0000] {dag.py:3096} INFO - Sync 1 DAGs
[2026-04-24T16:19:12.535+0000] {logging_mixin.py:188} INFO - [2026-04-24T16:19:12.534+0000] {dag.py:3954} INFO - Setting next_dagrun for stock_pipeline to 2026-04-24 06:00:00+00:00, run_after=2026-04-27 06:00:00+00:00
[2026-04-24T16:19:12.555+0000] {processor.py:183} INFO - Processing /opt/airflow/dags/stock_pipeline_dag.py took 0.125 seconds
[2026-04-24T16:19:42.931+0000] {processor.py:161} INFO - Started process (PID=2399) to work on /opt/airflow/dags/stock_pipeline_dag.py
[2026-04-24T16:19:42.932+0000] {processor.py:830} INFO - Processing file /opt/airflow/dags/stock_pipeline_dag.py for tasks to queue
[2026-04-24T16:19:42.934+0000] {logging_mixin.py:188} INFO - [2026-04-24T16:19:42.934+0000] {dagbag.py:540} INFO - Filling up the DagBag from /opt/airflow/dags/stock_pipeline_dag.py
[2026-04-24T16:19:42.967+0000] {processor.py:840} INFO - DAG(s) 'stock_pipeline' retrieved from /opt/airflow/dags/stock_pipeline_dag.py
[2026-04-24T16:19:42.991+0000] {logging_mixin.py:188} INFO - [2026-04-24T16:19:42.991+0000] {dag.py:3096} INFO - Sync 1 DAGs
[2026-04-24T16:19:43.010+0000] {logging_mixin.py:188} INFO - [2026-04-24T16:19:43.010+0000] {dag.py:3954} INFO - Setting next_dagrun for stock_pipeline to 2026-04-24 06:00:00+00:00, run_after=2026-04-27 06:00:00+00:00
[2026-04-24T16:19:43.027+0000] {processor.py:183} INFO - Processing /opt/airflow/dags/stock_pipeline_dag.py took 0.101 seconds
[2026-04-24T16:20:13.338+0000] {processor.py:161} INFO - Started process (PID=2404) to work on /opt/airflow/dags/stock_pipeline_dag.py
[2026-04-24T16:20:13.339+0000] {processor.py:830} INFO - Processing file /opt/airflow/dags/stock_pipeline_dag.py for tasks to queue
[2026-04-24T16:20:13.342+0000] {logging_mixin.py:188} INFO - [2026-04-24T16:20:13.341+0000] {dagbag.py:540} INFO - Filling up the DagBag from /opt/airflow/dags/stock_pipeline_dag.py
[2026-04-24T16:20:13.398+0000] {processor.py:840} INFO - DAG(s) 'stock_pipeline' retrieved from /opt/airflow/dags/stock_pipeline_dag.py
[2026-04-24T16:20:13.430+0000] {logging_mixin.py:188} INFO - [2026-04-24T16:20:13.430+0000] {dag.py:3096} INFO - Sync 1 DAGs
[2026-04-24T16:20:13.449+0000] {logging_mixin.py:188} INFO - [2026-04-24T16:20:13.449+0000] {dag.py:3954} INFO - Setting next_dagrun for stock_pipeline to 2026-04-24 06:00:00+00:00, run_after=2026-04-27 06:00:00+00:00
[2026-04-24T16:20:13.466+0000] {processor.py:183} INFO - Processing /opt/airflow/dags/stock_pipeline_dag.py took 0.134 seconds
[2026-04-24T16:20:43.816+0000] {processor.py:161} INFO - Started process (PID=2409) to work on /opt/airflow/dags/stock_pipeline_dag.py
[2026-04-24T16:20:43.818+0000] {processor.py:830} INFO - Processing file /opt/airflow/dags/stock_pipeline_dag.py for tasks to queue
[2026-04-24T16:20:43.821+0000] {logging_mixin.py:188} INFO - [2026-04-24T16:20:43.820+0000] {dagbag.py:540} INFO - Filling up the DagBag from /opt/airflow/dags/stock_pipeline_dag.py
[2026-04-24T16:20:43.861+0000] {processor.py:840} INFO - DAG(s) 'stock_pipeline' retrieved from /opt/airflow/dags/stock_pipeline_dag.py
[2026-04-24T16:20:43.883+0000] {logging_mixin.py:188} INFO - [2026-04-24T16:20:43.883+0000] {dag.py:3096} INFO - Sync 1 DAGs
[2026-04-24T16:20:43.910+0000] {logging_mixin.py:188} INFO - [2026-04-24T16:20:43.910+0000] {dag.py:3954} INFO - Setting next_dagrun for stock_pipeline to 2026-04-24 06:00:00+00:00, run_after=2026-04-27 06:00:00+00:00
[2026-04-24T16:20:43.928+0000] {processor.py:183} INFO - Processing /opt/airflow/dags/stock_pipeline_dag.py took 0.119 seconds
[2026-04-24T16:21:14.223+0000] {processor.py:161} INFO - Started process (PID=2414) to work on /opt/airflow/dags/stock_pipeline_dag.py
[2026-04-24T16:21:14.226+0000] {processor.py:830} INFO - Processing file /opt/airflow/dags/stock_pipeline_dag.py for tasks to queue
[2026-04-24T16:21:14.230+0000] {logging_mixin.py:188} INFO - [2026-04-24T16:21:14.229+0000] {dagbag.py:540} INFO - Filling up the DagBag from /opt/airflow/dags/stock_pipeline_dag.py
[2026-04-24T16:21:14.286+0000] {processor.py:840} INFO - DAG(s) 'stock_pipeline' retrieved from /opt/airflow/dags/stock_pipeline_dag.py
[2026-04-24T16:21:14.311+0000] {logging_mixin.py:188} INFO - [2026-04-24T16:21:14.311+0000] {dag.py:3096} INFO - Sync 1 DAGs
[2026-04-24T16:21:14.331+0000] {logging_mixin.py:188} INFO - [2026-04-24T16:21:14.330+0000] {dag.py:3954} INFO - Setting next_dagrun for stock_pipeline to 2026-04-24 06:00:00+00:00, run_after=2026-04-27 06:00:00+00:00
[2026-04-24T16:21:14.353+0000] {processor.py:183} INFO - Processing /opt/airflow/dags/stock_pipeline_dag.py took 0.142 seconds
[2026-04-24T16:21:44.728+0000] {processor.py:161} INFO - Started process (PID=2419) to work on /opt/airflow/dags/stock_pipeline_dag.py
[2026-04-24T16:21:44.730+0000] {processor.py:830} INFO - Processing file /opt/airflow/dags/stock_pipeline_dag.py for tasks to queue
[2026-04-24T16:21:44.733+0000] {logging_mixin.py:188} INFO - [2026-04-24T16:21:44.732+0000] {dagbag.py:540} INFO - Filling up the DagBag from /opt/airflow/dags/stock_pipeline_dag.py
[2026-04-24T16:21:44.788+0000] {processor.py:840} INFO - DAG(s) 'stock_pipeline' retrieved from /opt/airflow/dags/stock_pipeline_dag.py
[2026-04-24T16:21:44.811+0000] {logging_mixin.py:188} INFO - [2026-04-24T16:21:44.811+0000] {dag.py:3096} INFO - Sync 1 DAGs
[2026-04-24T16:21:44.831+0000] {logging_mixin.py:188} INFO - [2026-04-24T16:21:44.831+0000] {dag.py:3954} INFO - Setting next_dagrun for stock_pipeline to 2026-04-24 06:00:00+00:00, run_after=2026-04-27 06:00:00+00:00
[2026-04-24T16:21:44.853+0000] {processor.py:183} INFO - Processing /opt/airflow/dags/stock_pipeline_dag.py took 0.134 seconds
[2026-04-24T16:22:15.185+0000] {processor.py:161} INFO - Started process (PID=2424) to work on /opt/airflow/dags/stock_pipeline_dag.py
[2026-04-24T16:22:15.187+0000] {processor.py:830} INFO - Processing file /opt/airflow/dags/stock_pipeline_dag.py for tasks to queue
[2026-04-24T16:22:15.189+0000] {logging_mixin.py:188} INFO - [2026-04-24T16:22:15.189+0000] {dagbag.py:540} INFO - Filling up the DagBag from /opt/airflow/dags/stock_pipeline_dag.py
[2026-04-24T16:22:15.249+0000] {processor.py:840} INFO - DAG(s) 'stock_pipeline' retrieved from /opt/airflow/dags/stock_pipeline_dag.py
[2026-04-24T16:22:15.292+0000] {logging_mixin.py:188} INFO - [2026-04-24T16:22:15.291+0000] {dag.py:3096} INFO - Sync 1 DAGs
[2026-04-24T16:22:15.311+0000] {logging_mixin.py:188} INFO - [2026-04-24T16:22:15.311+0000] {dag.py:3954} INFO - Setting next_dagrun for stock_pipeline to 2026-04-24 06:00:00+00:00, run_after=2026-04-27 06:00:00+00:00
[2026-04-24T16:22:15.336+0000] {processor.py:183} INFO - Processing /opt/airflow/dags/stock_pipeline_dag.py took 0.156 seconds
[2026-04-24T16:22:45.456+0000] {processor.py:161} INFO - Started process (PID=2429) to work on /opt/airflow/dags/stock_pipeline_dag.py
[2026-04-24T16:22:45.457+0000] {processor.py:830} INFO - Processing file /opt/airflow/dags/stock_pipeline_dag.py for tasks to queue
[2026-04-24T16:22:45.459+0000] {logging_mixin.py:188} INFO - [2026-04-24T16:22:45.459+0000] {dagbag.py:540} INFO - Filling up the DagBag from /opt/airflow/dags/stock_pipeline_dag.py
[2026-04-24T16:22:45.496+0000] {processor.py:840} INFO - DAG(s) 'stock_pipeline' retrieved from /opt/airflow/dags/stock_pipeline_dag.py
[2026-04-24T16:22:45.519+0000] {logging_mixin.py:188} INFO - [2026-04-24T16:22:45.519+0000] {dag.py:3096} INFO - Sync 1 DAGs
[2026-04-24T16:22:45.540+0000] {logging_mixin.py:188} INFO - [2026-04-24T16:22:45.539+0000] {dag.py:3954} INFO - Setting next_dagrun for stock_pipeline to 2026-04-24 06:00:00+00:00, run_after=2026-04-27 06:00:00+00:00
[2026-04-24T16:22:45.559+0000] {processor.py:183} INFO - Processing /opt/airflow/dags/stock_pipeline_dag.py took 0.108 seconds
[2026-04-24T16:23:15.656+0000] {processor.py:161} INFO - Started process (PID=2434) to work on /opt/airflow/dags/stock_pipeline_dag.py
[2026-04-24T16:23:15.657+0000] {processor.py:830} INFO - Processing file /opt/airflow/dags/stock_pipeline_dag.py for tasks to queue
[2026-04-24T16:23:15.659+0000] {logging_mixin.py:188} INFO - [2026-04-24T16:23:15.659+0000] {dagbag.py:540} INFO - Filling up the DagBag from /opt/airflow/dags/stock_pipeline_dag.py
[2026-04-24T16:23:15.686+0000] {processor.py:840} INFO - DAG(s) 'stock_pipeline' retrieved from /opt/airflow/dags/stock_pipeline_dag.py
[2026-04-24T16:23:15.710+0000] {logging_mixin.py:188} INFO - [2026-04-24T16:23:15.710+0000] {dag.py:3096} INFO - Sync 1 DAGs
[2026-04-24T16:23:15.734+0000] {logging_mixin.py:188} INFO - [2026-04-24T16:23:15.734+0000] {dag.py:3954} INFO - Setting next_dagrun for stock_pipeline to 2026-04-24 06:00:00+00:00, run_after=2026-04-27 06:00:00+00:00
[2026-04-24T16:23:15.752+0000] {processor.py:183} INFO - Processing /opt/airflow/dags/stock_pipeline_dag.py took 0.100 seconds
[2026-04-24T16:23:46.053+0000] {processor.py:161} INFO - Started process (PID=2439) to work on /opt/airflow/dags/stock_pipeline_dag.py
[2026-04-24T16:23:46.055+0000] {processor.py:830} INFO - Processing file /opt/airflow/dags/stock_pipeline_dag.py for tasks to queue
[2026-04-24T16:23:46.057+0000] {logging_mixin.py:188} INFO - [2026-04-24T16:23:46.057+0000] {dagbag.py:540} INFO - Filling up the DagBag from /opt/airflow/dags/stock_pipeline_dag.py
[2026-04-24T16:23:46.096+0000] {processor.py:840} INFO - DAG(s) 'stock_pipeline' retrieved from /opt/airflow/dags/stock_pipeline_dag.py
[2026-04-24T16:23:46.117+0000] {logging_mixin.py:188} INFO - [2026-04-24T16:23:46.117+0000] {dag.py:3096} INFO - Sync 1 DAGs
[2026-04-24T16:23:46.136+0000] {logging_mixin.py:188} INFO - [2026-04-24T16:23:46.136+0000] {dag.py:3954} INFO - Setting next_dagrun for stock_pipeline to 2026-04-24 06:00:00+00:00, run_after=2026-04-27 06:00:00+00:00
[2026-04-24T16:23:46.154+0000] {processor.py:183} INFO - Processing /opt/airflow/dags/stock_pipeline_dag.py took 0.106 seconds
[2026-04-24T16:24:16.456+0000] {processor.py:161} INFO - Started process (PID=2444) to work on /opt/airflow/dags/stock_pipeline_dag.py
[2026-04-24T16:24:16.457+0000] {processor.py:830} INFO - Processing file /opt/airflow/dags/stock_pipeline_dag.py for tasks to queue
[2026-04-24T16:24:16.460+0000] {logging_mixin.py:188} INFO - [2026-04-24T16:24:16.460+0000] {dagbag.py:540} INFO - Filling up the DagBag from /opt/airflow/dags/stock_pipeline_dag.py
[2026-04-24T16:24:16.506+0000] {processor.py:840} INFO - DAG(s) 'stock_pipeline' retrieved from /opt/airflow/dags/stock_pipeline_dag.py
[2026-04-24T16:24:16.538+0000] {logging_mixin.py:188} INFO - [2026-04-24T16:24:16.538+0000] {dag.py:3096} INFO - Sync 1 DAGs
[2026-04-24T16:24:16.557+0000] {logging_mixin.py:188} INFO - [2026-04-24T16:24:16.557+0000] {dag.py:3954} INFO - Setting next_dagrun for stock_pipeline to 2026-04-24 06:00:00+00:00, run_after=2026-04-27 06:00:00+00:00
[2026-04-24T16:24:16.578+0000] {processor.py:183} INFO - Processing /opt/airflow/dags/stock_pipeline_dag.py took 0.132 seconds
[2026-04-24T16:24:46.882+0000] {processor.py:161} INFO - Started process (PID=2449) to work on /opt/airflow/dags/stock_pipeline_dag.py
[2026-04-24T16:24:46.883+0000] {processor.py:830} INFO - Processing file /opt/airflow/dags/stock_pipeline_dag.py for tasks to queue
[2026-04-24T16:24:46.886+0000] {logging_mixin.py:188} INFO - [2026-04-24T16:24:46.886+0000] {dagbag.py:540} INFO - Filling up the DagBag from /opt/airflow/dags/stock_pipeline_dag.py
[2026-04-24T16:24:46.937+0000] {processor.py:840} INFO - DAG(s) 'stock_pipeline' retrieved from /opt/airflow/dags/stock_pipeline_dag.py
[2026-04-24T16:24:46.965+0000] {logging_mixin.py:188} INFO - [2026-04-24T16:24:46.964+0000] {dag.py:3096} INFO - Sync 1 DAGs
[2026-04-24T16:24:46.991+0000] {logging_mixin.py:188} INFO - [2026-04-24T16:24:46.991+0000] {dag.py:3954} INFO - Setting next_dagrun for stock_pipeline to 2026-04-24 06:00:00+00:00, run_after=2026-04-27 06:00:00+00:00
[2026-04-24T16:24:47.026+0000] {processor.py:183} INFO - Processing /opt/airflow/dags/stock_pipeline_dag.py took 0.155 seconds
[2026-04-24T16:25:17.262+0000] {processor.py:161} INFO - Started process (PID=2454) to work on /opt/airflow/dags/stock_pipeline_dag.py
[2026-04-24T16:25:17.263+0000] {processor.py:830} INFO - Processing file /opt/airflow/dags/stock_pipeline_dag.py for tasks to queue
[2026-04-24T16:25:17.265+0000] {logging_mixin.py:188} INFO - [2026-04-24T16:25:17.264+0000] {dagbag.py:540} INFO - Filling up the DagBag from /opt/airflow/dags/stock_pipeline_dag.py
[2026-04-24T16:25:17.297+0000] {processor.py:840} INFO - DAG(s) 'stock_pipeline' retrieved from /opt/airflow/dags/stock_pipeline_dag.py
[2026-04-24T16:25:17.320+0000] {logging_mixin.py:188} INFO - [2026-04-24T16:25:17.319+0000] {dag.py:3096} INFO - Sync 1 DAGs
[2026-04-24T16:25:17.338+0000] {logging_mixin.py:188} INFO - [2026-04-24T16:25:17.338+0000] {dag.py:3954} INFO - Setting next_dagrun for stock_pipeline to 2026-04-24 06:00:00+00:00, run_after=2026-04-27 06:00:00+00:00
[2026-04-24T16:25:17.358+0000] {processor.py:183} INFO - Processing /opt/airflow/dags/stock_pipeline_dag.py took 0.102 seconds
[2026-04-24T16:25:47.774+0000] {processor.py:161} INFO - Started process (PID=2459) to work on /opt/airflow/dags/stock_pipeline_dag.py
[2026-04-24T16:25:47.776+0000] {processor.py:830} INFO - Processing file /opt/airflow/dags/stock_pipeline_dag.py for tasks to queue
[2026-04-24T16:25:47.779+0000] {logging_mixin.py:188} INFO - [2026-04-24T16:25:47.778+0000] {dagbag.py:540} INFO - Filling up the DagBag from /opt/airflow/dags/stock_pipeline_dag.py
[2026-04-24T16:25:47.837+0000] {processor.py:840} INFO - DAG(s) 'stock_pipeline' retrieved from /opt/airflow/dags/stock_pipeline_dag.py
[2026-04-24T16:25:47.872+0000] {logging_mixin.py:188} INFO - [2026-04-24T16:25:47.871+0000] {dag.py:3096} INFO - Sync 1 DAGs
[2026-04-24T16:25:47.898+0000] {logging_mixin.py:188} INFO - [2026-04-24T16:25:47.897+0000] {dag.py:3954} INFO - Setting next_dagrun for stock_pipeline to 2026-04-24 06:00:00+00:00, run_after=2026-04-27 06:00:00+00:00
[2026-04-24T16:25:47.928+0000] {processor.py:183} INFO - Processing /opt/airflow/dags/stock_pipeline_dag.py took 0.163 seconds
[2026-04-24T16:26:18.119+0000] {processor.py:161} INFO - Started process (PID=2464) to work on /opt/airflow/dags/stock_pipeline_dag.py
[2026-04-24T16:26:18.120+0000] {processor.py:830} INFO - Processing file /opt/airflow/dags/stock_pipeline_dag.py for tasks to queue
[2026-04-24T16:26:18.122+0000] {logging_mixin.py:188} INFO - [2026-04-24T16:26:18.121+0000] {dagbag.py:540} INFO - Filling up the DagBag from /opt/airflow/dags/stock_pipeline_dag.py
[2026-04-24T16:26:18.157+0000] {processor.py:840} INFO - DAG(s) 'stock_pipeline' retrieved from /opt/airflow/dags/stock_pipeline_dag.py
[2026-04-24T16:26:18.182+0000] {logging_mixin.py:188} INFO - [2026-04-24T16:26:18.181+0000] {dag.py:3096} INFO - Sync 1 DAGs
[2026-04-24T16:26:18.202+0000] {logging_mixin.py:188} INFO - [2026-04-24T16:26:18.201+0000] {dag.py:3954} INFO - Setting next_dagrun for stock_pipeline to 2026-04-24 06:00:00+00:00, run_after=2026-04-27 06:00:00+00:00
[2026-04-24T16:26:18.221+0000] {processor.py:183} INFO - Processing /opt/airflow/dags/stock_pipeline_dag.py took 0.108 seconds
[2026-04-24T16:26:48.482+0000] {processor.py:161} INFO - Started process (PID=2469) to work on /opt/airflow/dags/stock_pipeline_dag.py
[2026-04-24T16:26:48.483+0000] {processor.py:830} INFO - Processing file /opt/airflow/dags/stock_pipeline_dag.py for tasks to queue
[2026-04-24T16:26:48.486+0000] {logging_mixin.py:188} INFO - [2026-04-24T16:26:48.486+0000] {dagbag.py:540} INFO - Filling up the DagBag from /opt/airflow/dags/stock_pipeline_dag.py
[2026-04-24T16:26:48.544+0000] {processor.py:840} INFO - DAG(s) 'stock_pipeline' retrieved from /opt/airflow/dags/stock_pipeline_dag.py
[2026-04-24T16:26:48.573+0000] {logging_mixin.py:188} INFO - [2026-04-24T16:26:48.573+0000] {dag.py:3096} INFO - Sync 1 DAGs
[2026-04-24T16:26:48.605+0000] {logging_mixin.py:188} INFO - [2026-04-24T16:26:48.604+0000] {dag.py:3954} INFO - Setting next_dagrun for stock_pipeline to 2026-04-24 06:00:00+00:00, run_after=2026-04-27 06:00:00+00:00
[2026-04-24T16:26:48.635+0000] {processor.py:183} INFO - Processing /opt/airflow/dags/stock_pipeline_dag.py took 0.164 seconds
[2026-04-24T16:27:18.925+0000] {processor.py:161} INFO - Started process (PID=2474) to work on /opt/airflow/dags/stock_pipeline_dag.py
[2026-04-24T16:27:18.926+0000] {processor.py:830} INFO - Processing file /opt/airflow/dags/stock_pipeline_dag.py for tasks to queue
[2026-04-24T16:27:18.928+0000] {logging_mixin.py:188} INFO - [2026-04-24T16:27:18.928+0000] {dagbag.py:540} INFO - Filling up the DagBag from /opt/airflow/dags/stock_pipeline_dag.py
[2026-04-24T16:27:18.966+0000] {processor.py:840} INFO - DAG(s) 'stock_pipeline' retrieved from /opt/airflow/dags/stock_pipeline_dag.py
[2026-04-24T16:27:18.992+0000] {logging_mixin.py:188} INFO - [2026-04-24T16:27:18.992+0000] {dag.py:3096} INFO - Sync 1 DAGs
[2026-04-24T16:27:19.013+0000] {logging_mixin.py:188} INFO - [2026-04-24T16:27:19.013+0000] {dag.py:3954} INFO - Setting next_dagrun for stock_pipeline to 2026-04-24 06:00:00+00:00, run_after=2026-04-27 06:00:00+00:00
[2026-04-24T16:27:19.033+0000] {processor.py:183} INFO - Processing /opt/airflow/dags/stock_pipeline_dag.py took 0.117 seconds
[2026-04-24T16:27:49.207+0000] {processor.py:161} INFO - Started process (PID=2479) to work on /opt/airflow/dags/stock_pipeline_dag.py
[2026-04-24T16:27:49.209+0000] {processor.py:830} INFO - Processing file /opt/airflow/dags/stock_pipeline_dag.py for tasks to queue
[2026-04-24T16:27:49.211+0000] {logging_mixin.py:188} INFO - [2026-04-24T16:27:49.211+0000] {dagbag.py:540} INFO - Filling up the DagBag from /opt/airflow/dags/stock_pipeline_dag.py
[2026-04-24T16:27:49.250+0000] {processor.py:840} INFO - DAG(s) 'stock_pipeline' retrieved from /opt/airflow/dags/stock_pipeline_dag.py
[2026-04-24T16:27:49.274+0000] {logging_mixin.py:188} INFO - [2026-04-24T16:27:49.274+0000] {dag.py:3096} INFO - Sync 1 DAGs
[2026-04-24T16:27:49.294+0000] {logging_mixin.py:188} INFO - [2026-04-24T16:27:49.293+0000] {dag.py:3954} INFO - Setting next_dagrun for stock_pipeline to 2026-04-24 06:00:00+00:00, run_after=2026-04-27 06:00:00+00:00
[2026-04-24T16:27:49.315+0000] {processor.py:183} INFO - Processing /opt/airflow/dags/stock_pipeline_dag.py took 0.114 seconds
[2026-04-24T16:28:19.539+0000] {processor.py:161} INFO - Started process (PID=2484) to work on /opt/airflow/dags/stock_pipeline_dag.py
[2026-04-24T16:28:19.540+0000] {processor.py:830} INFO - Processing file /opt/airflow/dags/stock_pipeline_dag.py for tasks to queue
[2026-04-24T16:28:19.543+0000] {logging_mixin.py:188} INFO - [2026-04-24T16:28:19.542+0000] {dagbag.py:540} INFO - Filling up the DagBag from /opt/airflow/dags/stock_pipeline_dag.py
[2026-04-24T16:28:19.577+0000] {processor.py:840} INFO - DAG(s) 'stock_pipeline' retrieved from /opt/airflow/dags/stock_pipeline_dag.py
[2026-04-24T16:28:19.600+0000] {logging_mixin.py:188} INFO - [2026-04-24T16:28:19.600+0000] {dag.py:3096} INFO - Sync 1 DAGs
[2026-04-24T16:28:19.620+0000] {logging_mixin.py:188} INFO - [2026-04-24T16:28:19.620+0000] {dag.py:3954} INFO - Setting next_dagrun for stock_pipeline to 2026-04-24 06:00:00+00:00, run_after=2026-04-27 06:00:00+00:00
[2026-04-24T16:28:19.637+0000] {processor.py:183} INFO - Processing /opt/airflow/dags/stock_pipeline_dag.py took 0.104 seconds
[2026-04-24T16:28:49.886+0000] {processor.py:161} INFO - Started process (PID=2489) to work on /opt/airflow/dags/stock_pipeline_dag.py
[2026-04-24T16:28:49.887+0000] {processor.py:830} INFO - Processing file /opt/airflow/dags/stock_pipeline_dag.py for tasks to queue
[2026-04-24T16:28:49.889+0000] {logging_mixin.py:188} INFO - [2026-04-24T16:28:49.889+0000] {dagbag.py:540} INFO - Filling up the DagBag from /opt/airflow/dags/stock_pipeline_dag.py
[2026-04-24T16:28:49.925+0000] {processor.py:840} INFO - DAG(s) 'stock_pipeline' retrieved from /opt/airflow/dags/stock_pipeline_dag.py
[2026-04-24T16:28:49.950+0000] {logging_mixin.py:188} INFO - [2026-04-24T16:28:49.950+0000] {dag.py:3096} INFO - Sync 1 DAGs
[2026-04-24T16:28:49.973+0000] {logging_mixin.py:188} INFO - [2026-04-24T16:28:49.973+0000] {dag.py:3954} INFO - Setting next_dagrun for stock_pipeline to 2026-04-24 06:00:00+00:00, run_after=2026-04-27 06:00:00+00:00
[2026-04-24T16:28:49.999+0000] {processor.py:183} INFO - Processing /opt/airflow/dags/stock_pipeline_dag.py took 0.119 seconds
[2026-04-24T16:29:20.325+0000] {processor.py:161} INFO - Started process (PID=2494) to work on /opt/airflow/dags/stock_pipeline_dag.py
[2026-04-24T16:29:20.326+0000] {processor.py:830} INFO - Processing file /opt/airflow/dags/stock_pipeline_dag.py for tasks to queue
[2026-04-24T16:29:20.328+0000] {logging_mixin.py:188} INFO - [2026-04-24T16:29:20.327+0000] {dagbag.py:540} INFO - Filling up the DagBag from /opt/airflow/dags/stock_pipeline_dag.py
[2026-04-24T16:29:20.380+0000] {processor.py:840} INFO - DAG(s) 'stock_pipeline' retrieved from /opt/airflow/dags/stock_pipeline_dag.py
[2026-04-24T16:29:20.410+0000] {logging_mixin.py:188} INFO - [2026-04-24T16:29:20.410+0000] {dag.py:3096} INFO - Sync 1 DAGs
[2026-04-24T16:29:20.429+0000] {logging_mixin.py:188} INFO - [2026-04-24T16:29:20.428+0000] {dag.py:3954} INFO - Setting next_dagrun for stock_pipeline to 2026-04-24 06:00:00+00:00, run_after=2026-04-27 06:00:00+00:00
[2026-04-24T16:29:20.452+0000] {processor.py:183} INFO - Processing /opt/airflow/dags/stock_pipeline_dag.py took 0.133 seconds
[2026-04-24T16:29:50.702+0000] {processor.py:161} INFO - Started process (PID=2499) to work on /opt/airflow/dags/stock_pipeline_dag.py
[2026-04-24T16:29:50.703+0000] {processor.py:830} INFO - Processing file /opt/airflow/dags/stock_pipeline_dag.py for tasks to queue
[2026-04-24T16:29:50.706+0000] {logging_mixin.py:188} INFO - [2026-04-24T16:29:50.706+0000] {dagbag.py:540} INFO - Filling up the DagBag from /opt/airflow/dags/stock_pipeline_dag.py
[2026-04-24T16:29:50.754+0000] {processor.py:840} INFO - DAG(s) 'stock_pipeline' retrieved from /opt/airflow/dags/stock_pipeline_dag.py
[2026-04-24T16:29:50.783+0000] {logging_mixin.py:188} INFO - [2026-04-24T16:29:50.783+0000] {dag.py:3096} INFO - Sync 1 DAGs
[2026-04-24T16:29:50.802+0000] {logging_mixin.py:188} INFO - [2026-04-24T16:29:50.801+0000] {dag.py:3954} INFO - Setting next_dagrun for stock_pipeline to 2026-04-24 06:00:00+00:00, run_after=2026-04-27 06:00:00+00:00
[2026-04-24T16:29:50.825+0000] {processor.py:183} INFO - Processing /opt/airflow/dags/stock_pipeline_dag.py took 0.133 seconds
[2026-04-24T16:30:21.177+0000] {processor.py:161} INFO - Started process (PID=2504) to work on /opt/airflow/dags/stock_pipeline_dag.py
[2026-04-24T16:30:21.180+0000] {processor.py:830} INFO - Processing file /opt/airflow/dags/stock_pipeline_dag.py for tasks to queue
[2026-04-24T16:30:21.184+0000] {logging_mixin.py:188} INFO - [2026-04-24T16:30:21.184+0000] {dagbag.py:540} INFO - Filling up the DagBag from /opt/airflow/dags/stock_pipeline_dag.py
[2026-04-24T16:30:21.244+0000] {processor.py:840} INFO - DAG(s) 'stock_pipeline' retrieved from /opt/airflow/dags/stock_pipeline_dag.py
[2026-04-24T16:30:21.267+0000] {logging_mixin.py:188} INFO - [2026-04-24T16:30:21.267+0000] {dag.py:3096} INFO - Sync 1 DAGs
[2026-04-24T16:30:21.286+0000] {logging_mixin.py:188} INFO - [2026-04-24T16:30:21.285+0000] {dag.py:3954} INFO - Setting next_dagrun for stock_pipeline to 2026-04-24 06:00:00+00:00, run_after=2026-04-27 06:00:00+00:00
[2026-04-24T16:30:21.304+0000] {processor.py:183} INFO - Processing /opt/airflow/dags/stock_pipeline_dag.py took 0.136 seconds
[2026-04-24T16:30:51.537+0000] {processor.py:161} INFO - Started process (PID=2509) to work on /opt/airflow/dags/stock_pipeline_dag.py
[2026-04-24T16:30:51.539+0000] {processor.py:830} INFO - Processing file /opt/airflow/dags/stock_pipeline_dag.py for tasks to queue
[2026-04-24T16:30:51.543+0000] {logging_mixin.py:188} INFO - [2026-04-24T16:30:51.542+0000] {dagbag.py:540} INFO - Filling up the DagBag from /opt/airflow/dags/stock_pipeline_dag.py
[2026-04-24T16:30:51.597+0000] {processor.py:840} INFO - DAG(s) 'stock_pipeline' retrieved from /opt/airflow/dags/stock_pipeline_dag.py
[2026-04-24T16:30:51.629+0000] {logging_mixin.py:188} INFO - [2026-04-24T16:30:51.629+0000] {dag.py:3096} INFO - Sync 1 DAGs
[2026-04-24T16:30:51.649+0000] {logging_mixin.py:188} INFO - [2026-04-24T16:30:51.648+0000] {dag.py:3954} INFO - Setting next_dagrun for stock_pipeline to 2026-04-24 06:00:00+00:00, run_after=2026-04-27 06:00:00+00:00
[2026-04-24T16:30:51.676+0000] {processor.py:183} INFO - Processing /opt/airflow/dags/stock_pipeline_dag.py took 0.149 seconds
[2026-04-24T16:31:22.056+0000] {processor.py:161} INFO - Started process (PID=2514) to work on /opt/airflow/dags/stock_pipeline_dag.py
[2026-04-24T16:31:22.058+0000] {processor.py:830} INFO - Processing file /opt/airflow/dags/stock_pipeline_dag.py for tasks to queue
[2026-04-24T16:31:22.061+0000] {logging_mixin.py:188} INFO - [2026-04-24T16:31:22.060+0000] {dagbag.py:540} INFO - Filling up the DagBag from /opt/airflow/dags/stock_pipeline_dag.py
[2026-04-24T16:31:22.112+0000] {processor.py:840} INFO - DAG(s) 'stock_pipeline' retrieved from /opt/airflow/dags/stock_pipeline_dag.py
[2026-04-24T16:31:22.135+0000] {logging_mixin.py:188} INFO - [2026-04-24T16:31:22.134+0000] {dag.py:3096} INFO - Sync 1 DAGs
[2026-04-24T16:31:22.153+0000] {logging_mixin.py:188} INFO - [2026-04-24T16:31:22.153+0000] {dag.py:3954} INFO - Setting next_dagrun for stock_pipeline to 2026-04-24 06:00:00+00:00, run_after=2026-04-27 06:00:00+00:00
[2026-04-24T16:31:22.186+0000] {processor.py:183} INFO - Processing /opt/airflow/dags/stock_pipeline_dag.py took 0.140 seconds
[2026-04-24T16:31:52.410+0000] {processor.py:161} INFO - Started process (PID=2519) to work on /opt/airflow/dags/stock_pipeline_dag.py
[2026-04-24T16:31:52.412+0000] {processor.py:830} INFO - Processing file /opt/airflow/dags/stock_pipeline_dag.py for tasks to queue
[2026-04-24T16:31:52.415+0000] {logging_mixin.py:188} INFO - [2026-04-24T16:31:52.415+0000] {dagbag.py:540} INFO - Filling up the DagBag from /opt/airflow/dags/stock_pipeline_dag.py
[2026-04-24T16:31:52.472+0000] {processor.py:840} INFO - DAG(s) 'stock_pipeline' retrieved from /opt/airflow/dags/stock_pipeline_dag.py
[2026-04-24T16:31:52.509+0000] {logging_mixin.py:188} INFO - [2026-04-24T16:31:52.508+0000] {dag.py:3096} INFO - Sync 1 DAGs
[2026-04-24T16:31:52.526+0000] {logging_mixin.py:188} INFO - [2026-04-24T16:31:52.526+0000] {dag.py:3954} INFO - Setting next_dagrun for stock_pipeline to 2026-04-24 06:00:00+00:00, run_after=2026-04-27 06:00:00+00:00
[2026-04-24T16:31:52.548+0000] {processor.py:183} INFO - Processing /opt/airflow/dags/stock_pipeline_dag.py took 0.149 seconds
[2026-04-24T16:32:22.885+0000] {processor.py:161} INFO - Started process (PID=2524) to work on /opt/airflow/dags/stock_pipeline_dag.py
[2026-04-24T16:32:22.887+0000] {processor.py:830} INFO - Processing file /opt/airflow/dags/stock_pipeline_dag.py for tasks to queue
[2026-04-24T16:32:22.891+0000] {logging_mixin.py:188} INFO - [2026-04-24T16:32:22.890+0000] {dagbag.py:540} INFO - Filling up the DagBag from /opt/airflow/dags/stock_pipeline_dag.py
[2026-04-24T16:32:22.928+0000] {processor.py:840} INFO - DAG(s) 'stock_pipeline' retrieved from /opt/airflow/dags/stock_pipeline_dag.py
[2026-04-24T16:32:22.954+0000] {logging_mixin.py:188} INFO - [2026-04-24T16:32:22.954+0000] {dag.py:3096} INFO - Sync 1 DAGs
[2026-04-24T16:32:22.972+0000] {logging_mixin.py:188} INFO - [2026-04-24T16:32:22.972+0000] {dag.py:3954} INFO - Setting next_dagrun for stock_pipeline to 2026-04-24 06:00:00+00:00, run_after=2026-04-27 06:00:00+00:00
[2026-04-24T16:32:22.990+0000] {processor.py:183} INFO - Processing /opt/airflow/dags/stock_pipeline_dag.py took 0.117 seconds
[2026-04-24T16:32:53.350+0000] {processor.py:161} INFO - Started process (PID=2529) to work on /opt/airflow/dags/stock_pipeline_dag.py
[2026-04-24T16:32:53.351+0000] {processor.py:830} INFO - Processing file /opt/airflow/dags/stock_pipeline_dag.py for tasks to queue
[2026-04-24T16:32:53.354+0000] {logging_mixin.py:188} INFO - [2026-04-24T16:32:53.353+0000] {dagbag.py:540} INFO - Filling up the DagBag from /opt/airflow/dags/stock_pipeline_dag.py
[2026-04-24T16:32:53.387+0000] {processor.py:840} INFO - DAG(s) 'stock_pipeline' retrieved from /opt/airflow/dags/stock_pipeline_dag.py
[2026-04-24T16:32:53.415+0000] {logging_mixin.py:188} INFO - [2026-04-24T16:32:53.415+0000] {dag.py:3096} INFO - Sync 1 DAGs
[2026-04-24T16:32:53.440+0000] {logging_mixin.py:188} INFO - [2026-04-24T16:32:53.440+0000] {dag.py:3954} INFO - Setting next_dagrun for stock_pipeline to 2026-04-24 06:00:00+00:00, run_after=2026-04-27 06:00:00+00:00
[2026-04-24T16:32:53.464+0000] {processor.py:183} INFO - Processing /opt/airflow/dags/stock_pipeline_dag.py took 0.120 seconds
[2026-04-24T16:33:23.744+0000] {processor.py:161} INFO - Started process (PID=2534) to work on /opt/airflow/dags/stock_pipeline_dag.py
[2026-04-24T16:33:23.747+0000] {processor.py:830} INFO - Processing file /opt/airflow/dags/stock_pipeline_dag.py for tasks to queue
[2026-04-24T16:33:23.752+0000] {logging_mixin.py:188} INFO - [2026-04-24T16:33:23.751+0000] {dagbag.py:540} INFO - Filling up the DagBag from /opt/airflow/dags/stock_pipeline_dag.py
[2026-04-24T16:33:23.828+0000] {processor.py:840} INFO - DAG(s) 'stock_pipeline' retrieved from /opt/airflow/dags/stock_pipeline_dag.py
[2026-04-24T16:33:23.860+0000] {logging_mixin.py:188} INFO - [2026-04-24T16:33:23.860+0000] {dag.py:3096} INFO - Sync 1 DAGs
[2026-04-24T16:33:23.882+0000] {logging_mixin.py:188} INFO - [2026-04-24T16:33:23.882+0000] {dag.py:3954} INFO - Setting next_dagrun for stock_pipeline to 2026-04-24 06:00:00+00:00, run_after=2026-04-27 06:00:00+00:00
[2026-04-24T16:33:23.905+0000] {processor.py:183} INFO - Processing /opt/airflow/dags/stock_pipeline_dag.py took 0.177 seconds
[2026-04-24T16:33:54.227+0000] {processor.py:161} INFO - Started process (PID=2539) to work on /opt/airflow/dags/stock_pipeline_dag.py
[2026-04-24T16:33:54.229+0000] {processor.py:830} INFO - Processing file /opt/airflow/dags/stock_pipeline_dag.py for tasks to queue
[2026-04-24T16:33:54.233+0000] {logging_mixin.py:188} INFO - [2026-04-24T16:33:54.232+0000] {dagbag.py:540} INFO - Filling up the DagBag from /opt/airflow/dags/stock_pipeline_dag.py
[2026-04-24T16:33:54.280+0000] {processor.py:840} INFO - DAG(s) 'stock_pipeline' retrieved from /opt/airflow/dags/stock_pipeline_dag.py
[2026-04-24T16:33:54.315+0000] {logging_mixin.py:188} INFO - [2026-04-24T16:33:54.315+0000] {dag.py:3096} INFO - Sync 1 DAGs
[2026-04-24T16:33:54.338+0000] {logging_mixin.py:188} INFO - [2026-04-24T16:33:54.338+0000] {dag.py:3954} INFO - Setting next_dagrun for stock_pipeline to 2026-04-24 06:00:00+00:00, run_after=2026-04-27 06:00:00+00:00
[2026-04-24T16:33:54.359+0000] {processor.py:183} INFO - Processing /opt/airflow/dags/stock_pipeline_dag.py took 0.142 seconds
[2026-04-24T16:34:24.638+0000] {processor.py:161} INFO - Started process (PID=2544) to work on /opt/airflow/dags/stock_pipeline_dag.py
[2026-04-24T16:34:24.639+0000] {processor.py:830} INFO - Processing file /opt/airflow/dags/stock_pipeline_dag.py for tasks to queue
[2026-04-24T16:34:24.641+0000] {logging_mixin.py:188} INFO - [2026-04-24T16:34:24.641+0000] {dagbag.py:540} INFO - Filling up the DagBag from /opt/airflow/dags/stock_pipeline_dag.py
[2026-04-24T16:34:24.691+0000] {processor.py:840} INFO - DAG(s) 'stock_pipeline' retrieved from /opt/airflow/dags/stock_pipeline_dag.py
[2026-04-24T16:34:24.727+0000] {logging_mixin.py:188} INFO - [2026-04-24T16:34:24.727+0000] {dag.py:3096} INFO - Sync 1 DAGs
[2026-04-24T16:34:24.744+0000] {logging_mixin.py:188} INFO - [2026-04-24T16:34:24.744+0000] {dag.py:3954} INFO - Setting next_dagrun for stock_pipeline to 2026-04-24 06:00:00+00:00, run_after=2026-04-27 06:00:00+00:00
[2026-04-24T16:34:24.765+0000] {processor.py:183} INFO - Processing /opt/airflow/dags/stock_pipeline_dag.py took 0.134 seconds
[2026-04-24T16:34:55.091+0000] {processor.py:161} INFO - Started process (PID=2549) to work on /opt/airflow/dags/stock_pipeline_dag.py
[2026-04-24T16:34:55.092+0000] {processor.py:830} INFO - Processing file /opt/airflow/dags/stock_pipeline_dag.py for tasks to queue
[2026-04-24T16:34:55.095+0000] {logging_mixin.py:188} INFO - [2026-04-24T16:34:55.094+0000] {dagbag.py:540} INFO - Filling up the DagBag from /opt/airflow/dags/stock_pipeline_dag.py
[2026-04-24T16:34:55.126+0000] {processor.py:840} INFO - DAG(s) 'stock_pipeline' retrieved from /opt/airflow/dags/stock_pipeline_dag.py
[2026-04-24T16:34:55.148+0000] {logging_mixin.py:188} INFO - [2026-04-24T16:34:55.147+0000] {dag.py:3096} INFO - Sync 1 DAGs
[2026-04-24T16:34:55.165+0000] {logging_mixin.py:188} INFO - [2026-04-24T16:34:55.165+0000] {dag.py:3954} INFO - Setting next_dagrun for stock_pipeline to 2026-04-24 06:00:00+00:00, run_after=2026-04-27 06:00:00+00:00
[2026-04-24T16:34:55.184+0000] {processor.py:183} INFO - Processing /opt/airflow/dags/stock_pipeline_dag.py took 0.098 seconds
[2026-04-24T16:35:25.466+0000] {processor.py:161} INFO - Started process (PID=2554) to work on /opt/airflow/dags/stock_pipeline_dag.py
[2026-04-24T16:35:25.468+0000] {processor.py:830} INFO - Processing file /opt/airflow/dags/stock_pipeline_dag.py for tasks to queue
[2026-04-24T16:35:25.471+0000] {logging_mixin.py:188} INFO - [2026-04-24T16:35:25.470+0000] {dagbag.py:540} INFO - Filling up the DagBag from /opt/airflow/dags/stock_pipeline_dag.py
[2026-04-24T16:35:25.528+0000] {processor.py:840} INFO - DAG(s) 'stock_pipeline' retrieved from /opt/airflow/dags/stock_pipeline_dag.py
[2026-04-24T16:35:25.568+0000] {logging_mixin.py:188} INFO - [2026-04-24T16:35:25.568+0000] {dag.py:3096} INFO - Sync 1 DAGs
[2026-04-24T16:35:25.590+0000] {logging_mixin.py:188} INFO - [2026-04-24T16:35:25.590+0000] {dag.py:3954} INFO - Setting next_dagrun for stock_pipeline to 2026-04-24 06:00:00+00:00, run_after=2026-04-27 06:00:00+00:00
[2026-04-24T16:35:25.612+0000] {processor.py:183} INFO - Processing /opt/airflow/dags/stock_pipeline_dag.py took 0.154 seconds
[2026-04-24T16:35:55.900+0000] {processor.py:161} INFO - Started process (PID=2559) to work on /opt/airflow/dags/stock_pipeline_dag.py
[2026-04-24T16:35:55.902+0000] {processor.py:830} INFO - Processing file /opt/airflow/dags/stock_pipeline_dag.py for tasks to queue
[2026-04-24T16:35:55.905+0000] {logging_mixin.py:188} INFO - [2026-04-24T16:35:55.905+0000] {dagbag.py:540} INFO - Filling up the DagBag from /opt/airflow/dags/stock_pipeline_dag.py
[2026-04-24T16:35:55.957+0000] {processor.py:840} INFO - DAG(s) 'stock_pipeline' retrieved from /opt/airflow/dags/stock_pipeline_dag.py
[2026-04-24T16:35:55.987+0000] {logging_mixin.py:188} INFO - [2026-04-24T16:35:55.987+0000] {dag.py:3096} INFO - Sync 1 DAGs
[2026-04-24T16:35:56.013+0000] {logging_mixin.py:188} INFO - [2026-04-24T16:35:56.012+0000] {dag.py:3954} INFO - Setting next_dagrun for stock_pipeline to 2026-04-24 06:00:00+00:00, run_after=2026-04-27 06:00:00+00:00
[2026-04-24T16:35:56.041+0000] {processor.py:183} INFO - Processing /opt/airflow/dags/stock_pipeline_dag.py took 0.145 seconds
[2026-04-24T16:36:26.350+0000] {processor.py:161} INFO - Started process (PID=2564) to work on /opt/airflow/dags/stock_pipeline_dag.py
[2026-04-24T16:36:26.352+0000] {processor.py:830} INFO - Processing file /opt/airflow/dags/stock_pipeline_dag.py for tasks to queue
[2026-04-24T16:36:26.355+0000] {logging_mixin.py:188} INFO - [2026-04-24T16:36:26.355+0000] {dagbag.py:540} INFO - Filling up the DagBag from /opt/airflow/dags/stock_pipeline_dag.py
[2026-04-24T16:36:26.408+0000] {processor.py:840} INFO - DAG(s) 'stock_pipeline' retrieved from /opt/airflow/dags/stock_pipeline_dag.py
[2026-04-24T16:36:26.446+0000] {logging_mixin.py:188} INFO - [2026-04-24T16:36:26.446+0000] {dag.py:3096} INFO - Sync 1 DAGs
[2026-04-24T16:36:26.472+0000] {logging_mixin.py:188} INFO - [2026-04-24T16:36:26.471+0000] {dag.py:3954} INFO - Setting next_dagrun for stock_pipeline to 2026-04-24 06:00:00+00:00, run_after=2026-04-27 06:00:00+00:00
[2026-04-24T16:36:26.500+0000] {processor.py:183} INFO - Processing /opt/airflow/dags/stock_pipeline_dag.py took 0.157 seconds
[2026-04-24T16:36:56.772+0000] {processor.py:161} INFO - Started process (PID=2569) to work on /opt/airflow/dags/stock_pipeline_dag.py
[2026-04-24T16:36:56.774+0000] {processor.py:830} INFO - Processing file /opt/airflow/dags/stock_pipeline_dag.py for tasks to queue
[2026-04-24T16:36:56.778+0000] {logging_mixin.py:188} INFO - [2026-04-24T16:36:56.777+0000] {dagbag.py:540} INFO - Filling up the DagBag from /opt/airflow/dags/stock_pipeline_dag.py
[2026-04-24T16:36:56.834+0000] {processor.py:840} INFO - DAG(s) 'stock_pipeline' retrieved from /opt/airflow/dags/stock_pipeline_dag.py
[2026-04-24T16:36:56.870+0000] {logging_mixin.py:188} INFO - [2026-04-24T16:36:56.869+0000] {dag.py:3096} INFO - Sync 1 DAGs
[2026-04-24T16:36:56.890+0000] {logging_mixin.py:188} INFO - [2026-04-24T16:36:56.890+0000] {dag.py:3954} INFO - Setting next_dagrun for stock_pipeline to 2026-04-24 06:00:00+00:00, run_after=2026-04-27 06:00:00+00:00
[2026-04-24T16:36:56.913+0000] {processor.py:183} INFO - Processing /opt/airflow/dags/stock_pipeline_dag.py took 0.151 seconds
[2026-04-24T16:37:27.252+0000] {processor.py:161} INFO - Started process (PID=2574) to work on /opt/airflow/dags/stock_pipeline_dag.py
[2026-04-24T16:37:27.254+0000] {processor.py:830} INFO - Processing file /opt/airflow/dags/stock_pipeline_dag.py for tasks to queue
[2026-04-24T16:37:27.256+0000] {logging_mixin.py:188} INFO - [2026-04-24T16:37:27.256+0000] {dagbag.py:540} INFO - Filling up the DagBag from /opt/airflow/dags/stock_pipeline_dag.py
[2026-04-24T16:37:27.312+0000] {processor.py:840} INFO - DAG(s) 'stock_pipeline' retrieved from /opt/airflow/dags/stock_pipeline_dag.py
[2026-04-24T16:37:27.344+0000] {logging_mixin.py:188} INFO - [2026-04-24T16:37:27.344+0000] {dag.py:3096} INFO - Sync 1 DAGs
[2026-04-24T16:37:27.369+0000] {logging_mixin.py:188} INFO - [2026-04-24T16:37:27.369+0000] {dag.py:3954} INFO - Setting next_dagrun for stock_pipeline to 2026-04-24 06:00:00+00:00, run_after=2026-04-27 06:00:00+00:00
[2026-04-24T16:37:27.399+0000] {processor.py:183} INFO - Processing /opt/airflow/dags/stock_pipeline_dag.py took 0.153 seconds
[2026-04-24T16:37:57.642+0000] {processor.py:161} INFO - Started process (PID=2579) to work on /opt/airflow/dags/stock_pipeline_dag.py
[2026-04-24T16:37:57.643+0000] {processor.py:830} INFO - Processing file /opt/airflow/dags/stock_pipeline_dag.py for tasks to queue
[2026-04-24T16:37:57.645+0000] {logging_mixin.py:188} INFO - [2026-04-24T16:37:57.645+0000] {dagbag.py:540} INFO - Filling up the DagBag from /opt/airflow/dags/stock_pipeline_dag.py
[2026-04-24T16:37:57.676+0000] {processor.py:840} INFO - DAG(s) 'stock_pipeline' retrieved from /opt/airflow/dags/stock_pipeline_dag.py
[2026-04-24T16:37:57.699+0000] {logging_mixin.py:188} INFO - [2026-04-24T16:37:57.699+0000] {dag.py:3096} INFO - Sync 1 DAGs
[2026-04-24T16:37:57.717+0000] {logging_mixin.py:188} INFO - [2026-04-24T16:37:57.717+0000] {dag.py:3954} INFO - Setting next_dagrun for stock_pipeline to 2026-04-24 06:00:00+00:00, run_after=2026-04-27 06:00:00+00:00
[2026-04-24T16:37:57.742+0000] {processor.py:183} INFO - Processing /opt/airflow/dags/stock_pipeline_dag.py took 0.105 seconds
[2026-04-24T16:38:28.126+0000] {processor.py:161} INFO - Started process (PID=2584) to work on /opt/airflow/dags/stock_pipeline_dag.py
[2026-04-24T16:38:28.128+0000] {processor.py:830} INFO - Processing file /opt/airflow/dags/stock_pipeline_dag.py for tasks to queue
[2026-04-24T16:38:28.132+0000] {logging_mixin.py:188} INFO - [2026-04-24T16:38:28.131+0000] {dagbag.py:540} INFO - Filling up the DagBag from /opt/airflow/dags/stock_pipeline_dag.py
[2026-04-24T16:38:28.200+0000] {processor.py:840} INFO - DAG(s) 'stock_pipeline' retrieved from /opt/airflow/dags/stock_pipeline_dag.py
[2026-04-24T16:38:28.230+0000] {logging_mixin.py:188} INFO - [2026-04-24T16:38:28.230+0000] {dag.py:3096} INFO - Sync 1 DAGs
[2026-04-24T16:38:28.249+0000] {logging_mixin.py:188} INFO - [2026-04-24T16:38:28.249+0000] {dag.py:3954} INFO - Setting next_dagrun for stock_pipeline to 2026-04-24 06:00:00+00:00, run_after=2026-04-27 06:00:00+00:00
[2026-04-24T16:38:28.269+0000] {processor.py:183} INFO - Processing /opt/airflow/dags/stock_pipeline_dag.py took 0.152 seconds
[2026-04-24T16:38:58.526+0000] {processor.py:161} INFO - Started process (PID=2589) to work on /opt/airflow/dags/stock_pipeline_dag.py
[2026-04-24T16:38:58.527+0000] {processor.py:830} INFO - Processing file /opt/airflow/dags/stock_pipeline_dag.py for tasks to queue
[2026-04-24T16:38:58.529+0000] {logging_mixin.py:188} INFO - [2026-04-24T16:38:58.529+0000] {dagbag.py:540} INFO - Filling up the DagBag from /opt/airflow/dags/stock_pipeline_dag.py
[2026-04-24T16:38:58.562+0000] {processor.py:840} INFO - DAG(s) 'stock_pipeline' retrieved from /opt/airflow/dags/stock_pipeline_dag.py
[2026-04-24T16:38:58.593+0000] {logging_mixin.py:188} INFO - [2026-04-24T16:38:58.593+0000] {dag.py:3096} INFO - Sync 1 DAGs
[2026-04-24T16:38:58.619+0000] {logging_mixin.py:188} INFO - [2026-04-24T16:38:58.619+0000] {dag.py:3954} INFO - Setting next_dagrun for stock_pipeline to 2026-04-24 06:00:00+00:00, run_after=2026-04-27 06:00:00+00:00
[2026-04-24T16:38:58.643+0000] {processor.py:183} INFO - Processing /opt/airflow/dags/stock_pipeline_dag.py took 0.123 seconds
[2026-04-24T16:39:29.003+0000] {processor.py:161} INFO - Started process (PID=2594) to work on /opt/airflow/dags/stock_pipeline_dag.py
[2026-04-24T16:39:29.005+0000] {processor.py:830} INFO - Processing file /opt/airflow/dags/stock_pipeline_dag.py for tasks to queue
[2026-04-24T16:39:29.008+0000] {logging_mixin.py:188} INFO - [2026-04-24T16:39:29.007+0000] {dagbag.py:540} INFO - Filling up the DagBag from /opt/airflow/dags/stock_pipeline_dag.py
[2026-04-24T16:39:29.061+0000] {processor.py:840} INFO - DAG(s) 'stock_pipeline' retrieved from /opt/airflow/dags/stock_pipeline_dag.py
[2026-04-24T16:39:29.085+0000] {logging_mixin.py:188} INFO - [2026-04-24T16:39:29.085+0000] {dag.py:3096} INFO - Sync 1 DAGs
[2026-04-24T16:39:29.107+0000] {logging_mixin.py:188} INFO - [2026-04-24T16:39:29.107+0000] {dag.py:3954} INFO - Setting next_dagrun for stock_pipeline to 2026-04-24 06:00:00+00:00, run_after=2026-04-27 06:00:00+00:00
[2026-04-24T16:39:29.128+0000] {processor.py:183} INFO - Processing /opt/airflow/dags/stock_pipeline_dag.py took 0.134 seconds
[2026-04-24T16:39:59.372+0000] {processor.py:161} INFO - Started process (PID=2599) to work on /opt/airflow/dags/stock_pipeline_dag.py
[2026-04-24T16:39:59.374+0000] {processor.py:830} INFO - Processing file /opt/airflow/dags/stock_pipeline_dag.py for tasks to queue
[2026-04-24T16:39:59.376+0000] {logging_mixin.py:188} INFO - [2026-04-24T16:39:59.376+0000] {dagbag.py:540} INFO - Filling up the DagBag from /opt/airflow/dags/stock_pipeline_dag.py
[2026-04-24T16:39:59.444+0000] {processor.py:840} INFO - DAG(s) 'stock_pipeline' retrieved from /opt/airflow/dags/stock_pipeline_dag.py
[2026-04-24T16:39:59.468+0000] {logging_mixin.py:188} INFO - [2026-04-24T16:39:59.468+0000] {dag.py:3096} INFO - Sync 1 DAGs
[2026-04-24T16:39:59.491+0000] {logging_mixin.py:188} INFO - [2026-04-24T16:39:59.490+0000] {dag.py:3954} INFO - Setting next_dagrun for stock_pipeline to 2026-04-24 06:00:00+00:00, run_after=2026-04-27 06:00:00+00:00
[2026-04-24T16:39:59.514+0000] {processor.py:183} INFO - Processing /opt/airflow/dags/stock_pipeline_dag.py took 0.151 seconds
[2026-04-24T16:40:29.873+0000] {processor.py:161} INFO - Started process (PID=2604) to work on /opt/airflow/dags/stock_pipeline_dag.py
[2026-04-24T16:40:29.874+0000] {processor.py:830} INFO - Processing file /opt/airflow/dags/stock_pipeline_dag.py for tasks to queue
[2026-04-24T16:40:29.877+0000] {logging_mixin.py:188} INFO - [2026-04-24T16:40:29.877+0000] {dagbag.py:540} INFO - Filling up the DagBag from /opt/airflow/dags/stock_pipeline_dag.py
[2026-04-24T16:40:29.905+0000] {processor.py:840} INFO - DAG(s) 'stock_pipeline' retrieved from /opt/airflow/dags/stock_pipeline_dag.py
[2026-04-24T16:40:29.934+0000] {logging_mixin.py:188} INFO - [2026-04-24T16:40:29.934+0000] {dag.py:3096} INFO - Sync 1 DAGs
[2026-04-24T16:40:29.959+0000] {logging_mixin.py:188} INFO - [2026-04-24T16:40:29.959+0000] {dag.py:3954} INFO - Setting next_dagrun for stock_pipeline to 2026-04-24 06:00:00+00:00, run_after=2026-04-27 06:00:00+00:00
[2026-04-24T16:40:29.983+0000] {processor.py:183} INFO - Processing /opt/airflow/dags/stock_pipeline_dag.py took 0.116 seconds
[2026-04-24T16:41:00.249+0000] {processor.py:161} INFO - Started process (PID=2609) to work on /opt/airflow/dags/stock_pipeline_dag.py
[2026-04-24T16:41:00.250+0000] {processor.py:830} INFO - Processing file /opt/airflow/dags/stock_pipeline_dag.py for tasks to queue
[2026-04-24T16:41:00.251+0000] {logging_mixin.py:188} INFO - [2026-04-24T16:41:00.251+0000] {dagbag.py:540} INFO - Filling up the DagBag from /opt/airflow/dags/stock_pipeline_dag.py
[2026-04-24T16:41:00.299+0000] {processor.py:840} INFO - DAG(s) 'stock_pipeline' retrieved from /opt/airflow/dags/stock_pipeline_dag.py
[2026-04-24T16:41:00.334+0000] {logging_mixin.py:188} INFO - [2026-04-24T16:41:00.333+0000] {dag.py:3096} INFO - Sync 1 DAGs
[2026-04-24T16:41:00.359+0000] {logging_mixin.py:188} INFO - [2026-04-24T16:41:00.358+0000] {dag.py:3954} INFO - Setting next_dagrun for stock_pipeline to 2026-04-24 06:00:00+00:00, run_after=2026-04-27 06:00:00+00:00
[2026-04-24T16:41:00.383+0000] {processor.py:183} INFO - Processing /opt/airflow/dags/stock_pipeline_dag.py took 0.139 seconds
[2026-04-24T16:41:30.666+0000] {processor.py:161} INFO - Started process (PID=2614) to work on /opt/airflow/dags/stock_pipeline_dag.py
[2026-04-24T16:41:30.667+0000] {processor.py:830} INFO - Processing file /opt/airflow/dags/stock_pipeline_dag.py for tasks to queue
[2026-04-24T16:41:30.670+0000] {logging_mixin.py:188} INFO - [2026-04-24T16:41:30.669+0000] {dagbag.py:540} INFO - Filling up the DagBag from /opt/airflow/dags/stock_pipeline_dag.py
[2026-04-24T16:41:30.699+0000] {processor.py:840} INFO - DAG(s) 'stock_pipeline' retrieved from /opt/airflow/dags/stock_pipeline_dag.py
[2026-04-24T16:41:30.729+0000] {logging_mixin.py:188} INFO - [2026-04-24T16:41:30.729+0000] {dag.py:3096} INFO - Sync 1 DAGs
[2026-04-24T16:41:30.754+0000] {logging_mixin.py:188} INFO - [2026-04-24T16:41:30.754+0000] {dag.py:3954} INFO - Setting next_dagrun for stock_pipeline to 2026-04-24 06:00:00+00:00, run_after=2026-04-27 06:00:00+00:00
[2026-04-24T16:41:30.776+0000] {processor.py:183} INFO - Processing /opt/airflow/dags/stock_pipeline_dag.py took 0.115 seconds
[2026-04-24T16:42:01.095+0000] {processor.py:161} INFO - Started process (PID=2619) to work on /opt/airflow/dags/stock_pipeline_dag.py
[2026-04-24T16:42:01.098+0000] {processor.py:830} INFO - Processing file /opt/airflow/dags/stock_pipeline_dag.py for tasks to queue
[2026-04-24T16:42:01.102+0000] {logging_mixin.py:188} INFO - [2026-04-24T16:42:01.102+0000] {dagbag.py:540} INFO - Filling up the DagBag from /opt/airflow/dags/stock_pipeline_dag.py
[2026-04-24T16:42:01.149+0000] {processor.py:840} INFO - DAG(s) 'stock_pipeline' retrieved from /opt/airflow/dags/stock_pipeline_dag.py
[2026-04-24T16:42:01.180+0000] {logging_mixin.py:188} INFO - [2026-04-24T16:42:01.179+0000] {dag.py:3096} INFO - Sync 1 DAGs
[2026-04-24T16:42:01.204+0000] {logging_mixin.py:188} INFO - [2026-04-24T16:42:01.204+0000] {dag.py:3954} INFO - Setting next_dagrun for stock_pipeline to 2026-04-24 06:00:00+00:00, run_after=2026-04-27 06:00:00+00:00
[2026-04-24T16:42:01.231+0000] {processor.py:183} INFO - Processing /opt/airflow/dags/stock_pipeline_dag.py took 0.141 seconds
[2026-04-24T16:42:31.485+0000] {processor.py:161} INFO - Started process (PID=2624) to work on /opt/airflow/dags/stock_pipeline_dag.py
[2026-04-24T16:42:31.487+0000] {processor.py:830} INFO - Processing file /opt/airflow/dags/stock_pipeline_dag.py for tasks to queue
[2026-04-24T16:42:31.490+0000] {logging_mixin.py:188} INFO - [2026-04-24T16:42:31.489+0000] {dagbag.py:540} INFO - Filling up the DagBag from /opt/airflow/dags/stock_pipeline_dag.py
[2026-04-24T16:42:31.530+0000] {processor.py:840} INFO - DAG(s) 'stock_pipeline' retrieved from /opt/airflow/dags/stock_pipeline_dag.py
[2026-04-24T16:42:31.560+0000] {logging_mixin.py:188} INFO - [2026-04-24T16:42:31.559+0000] {dag.py:3096} INFO - Sync 1 DAGs
[2026-04-24T16:42:31.583+0000] {logging_mixin.py:188} INFO - [2026-04-24T16:42:31.582+0000] {dag.py:3954} INFO - Setting next_dagrun for stock_pipeline to 2026-04-24 06:00:00+00:00, run_after=2026-04-27 06:00:00+00:00
[2026-04-24T16:42:31.604+0000] {processor.py:183} INFO - Processing /opt/airflow/dags/stock_pipeline_dag.py took 0.124 seconds
[2026-04-24T16:43:01.903+0000] {processor.py:161} INFO - Started process (PID=2629) to work on /opt/airflow/dags/stock_pipeline_dag.py
[2026-04-24T16:43:01.904+0000] {processor.py:830} INFO - Processing file /opt/airflow/dags/stock_pipeline_dag.py for tasks to queue
[2026-04-24T16:43:01.906+0000] {logging_mixin.py:188} INFO - [2026-04-24T16:43:01.906+0000] {dagbag.py:540} INFO - Filling up the DagBag from /opt/airflow/dags/stock_pipeline_dag.py
[2026-04-24T16:43:01.937+0000] {processor.py:840} INFO - DAG(s) 'stock_pipeline' retrieved from /opt/airflow/dags/stock_pipeline_dag.py
[2026-04-24T16:43:01.962+0000] {logging_mixin.py:188} INFO - [2026-04-24T16:43:01.962+0000] {dag.py:3096} INFO - Sync 1 DAGs
[2026-04-24T16:43:01.980+0000] {logging_mixin.py:188} INFO - [2026-04-24T16:43:01.980+0000] {dag.py:3954} INFO - Setting next_dagrun for stock_pipeline to 2026-04-24 06:00:00+00:00, run_after=2026-04-27 06:00:00+00:00
[2026-04-24T16:43:02.000+0000] {processor.py:183} INFO - Processing /opt/airflow/dags/stock_pipeline_dag.py took 0.103 seconds
[2026-04-24T16:43:32.256+0000] {processor.py:161} INFO - Started process (PID=2634) to work on /opt/airflow/dags/stock_pipeline_dag.py
[2026-04-24T16:43:32.257+0000] {processor.py:830} INFO - Processing file /opt/airflow/dags/stock_pipeline_dag.py for tasks to queue
[2026-04-24T16:43:32.259+0000] {logging_mixin.py:188} INFO - [2026-04-24T16:43:32.258+0000] {dagbag.py:540} INFO - Filling up the DagBag from /opt/airflow/dags/stock_pipeline_dag.py
[2026-04-24T16:43:32.290+0000] {processor.py:840} INFO - DAG(s) 'stock_pipeline' retrieved from /opt/airflow/dags/stock_pipeline_dag.py
[2026-04-24T16:43:32.319+0000] {logging_mixin.py:188} INFO - [2026-04-24T16:43:32.318+0000] {dag.py:3096} INFO - Sync 1 DAGs
[2026-04-24T16:43:32.341+0000] {logging_mixin.py:188} INFO - [2026-04-24T16:43:32.341+0000] {dag.py:3954} INFO - Setting next_dagrun for stock_pipeline to 2026-04-24 06:00:00+00:00, run_after=2026-04-27 06:00:00+00:00
[2026-04-24T16:43:32.361+0000] {processor.py:183} INFO - Processing /opt/airflow/dags/stock_pipeline_dag.py took 0.109 seconds
[2026-04-24T16:44:02.711+0000] {processor.py:161} INFO - Started process (PID=2639) to work on /opt/airflow/dags/stock_pipeline_dag.py
[2026-04-24T16:44:02.712+0000] {processor.py:830} INFO - Processing file /opt/airflow/dags/stock_pipeline_dag.py for tasks to queue
[2026-04-24T16:44:02.714+0000] {logging_mixin.py:188} INFO - [2026-04-24T16:44:02.713+0000] {dagbag.py:540} INFO - Filling up the DagBag from /opt/airflow/dags/stock_pipeline_dag.py
[2026-04-24T16:44:02.745+0000] {processor.py:840} INFO - DAG(s) 'stock_pipeline' retrieved from /opt/airflow/dags/stock_pipeline_dag.py
[2026-04-24T16:44:02.767+0000] {logging_mixin.py:188} INFO - [2026-04-24T16:44:02.767+0000] {dag.py:3096} INFO - Sync 1 DAGs
[2026-04-24T16:44:02.785+0000] {logging_mixin.py:188} INFO - [2026-04-24T16:44:02.785+0000] {dag.py:3954} INFO - Setting next_dagrun for stock_pipeline to 2026-04-24 06:00:00+00:00, run_after=2026-04-27 06:00:00+00:00
[2026-04-24T16:44:02.802+0000] {processor.py:183} INFO - Processing /opt/airflow/dags/stock_pipeline_dag.py took 0.098 seconds
[2026-04-24T16:44:33.070+0000] {processor.py:161} INFO - Started process (PID=2644) to work on /opt/airflow/dags/stock_pipeline_dag.py
[2026-04-24T16:44:33.071+0000] {processor.py:830} INFO - Processing file /opt/airflow/dags/stock_pipeline_dag.py for tasks to queue
[2026-04-24T16:44:33.074+0000] {logging_mixin.py:188} INFO - [2026-04-24T16:44:33.073+0000] {dagbag.py:540} INFO - Filling up the DagBag from /opt/airflow/dags/stock_pipeline_dag.py
[2026-04-24T16:44:33.110+0000] {processor.py:840} INFO - DAG(s) 'stock_pipeline' retrieved from /opt/airflow/dags/stock_pipeline_dag.py
[2026-04-24T16:44:33.138+0000] {logging_mixin.py:188} INFO - [2026-04-24T16:44:33.137+0000] {dag.py:3096} INFO - Sync 1 DAGs
[2026-04-24T16:44:33.163+0000] {logging_mixin.py:188} INFO - [2026-04-24T16:44:33.162+0000] {dag.py:3954} INFO - Setting next_dagrun for stock_pipeline to 2026-04-24 06:00:00+00:00, run_after=2026-04-27 06:00:00+00:00
[2026-04-24T16:44:33.183+0000] {processor.py:183} INFO - Processing /opt/airflow/dags/stock_pipeline_dag.py took 0.117 seconds
[2026-04-24T16:45:03.517+0000] {processor.py:161} INFO - Started process (PID=2649) to work on /opt/airflow/dags/stock_pipeline_dag.py
[2026-04-24T16:45:03.518+0000] {processor.py:830} INFO - Processing file /opt/airflow/dags/stock_pipeline_dag.py for tasks to queue
[2026-04-24T16:45:03.520+0000] {logging_mixin.py:188} INFO - [2026-04-24T16:45:03.520+0000] {dagbag.py:540} INFO - Filling up the DagBag from /opt/airflow/dags/stock_pipeline_dag.py
[2026-04-24T16:45:03.566+0000] {processor.py:840} INFO - DAG(s) 'stock_pipeline' retrieved from /opt/airflow/dags/stock_pipeline_dag.py
[2026-04-24T16:45:03.599+0000] {logging_mixin.py:188} INFO - [2026-04-24T16:45:03.598+0000] {dag.py:3096} INFO - Sync 1 DAGs
[2026-04-24T16:45:03.620+0000] {logging_mixin.py:188} INFO - [2026-04-24T16:45:03.620+0000] {dag.py:3954} INFO - Setting next_dagrun for stock_pipeline to 2026-04-24 06:00:00+00:00, run_after=2026-04-27 06:00:00+00:00
[2026-04-24T16:45:03.639+0000] {processor.py:183} INFO - Processing /opt/airflow/dags/stock_pipeline_dag.py took 0.127 seconds
[2026-04-24T16:45:33.939+0000] {processor.py:161} INFO - Started process (PID=2654) to work on /opt/airflow/dags/stock_pipeline_dag.py
[2026-04-24T16:45:33.941+0000] {processor.py:830} INFO - Processing file /opt/airflow/dags/stock_pipeline_dag.py for tasks to queue
[2026-04-24T16:45:33.944+0000] {logging_mixin.py:188} INFO - [2026-04-24T16:45:33.943+0000] {dagbag.py:540} INFO - Filling up the DagBag from /opt/airflow/dags/stock_pipeline_dag.py
[2026-04-24T16:45:33.983+0000] {processor.py:840} INFO - DAG(s) 'stock_pipeline' retrieved from /opt/airflow/dags/stock_pipeline_dag.py
[2026-04-24T16:45:34.031+0000] {logging_mixin.py:188} INFO - [2026-04-24T16:45:34.030+0000] {dag.py:3096} INFO - Sync 1 DAGs
[2026-04-24T16:45:34.070+0000] {logging_mixin.py:188} INFO - [2026-04-24T16:45:34.070+0000] {dag.py:3954} INFO - Setting next_dagrun for stock_pipeline to 2026-04-24 06:00:00+00:00, run_after=2026-04-27 06:00:00+00:00
[2026-04-24T16:45:34.109+0000] {processor.py:183} INFO - Processing /opt/airflow/dags/stock_pipeline_dag.py took 0.180 seconds
[2026-04-24T16:46:04.308+0000] {processor.py:161} INFO - Started process (PID=2659) to work on /opt/airflow/dags/stock_pipeline_dag.py
[2026-04-24T16:46:04.309+0000] {processor.py:830} INFO - Processing file /opt/airflow/dags/stock_pipeline_dag.py for tasks to queue
[2026-04-24T16:46:04.311+0000] {logging_mixin.py:188} INFO - [2026-04-24T16:46:04.311+0000] {dagbag.py:540} INFO - Filling up the DagBag from /opt/airflow/dags/stock_pipeline_dag.py
[2026-04-24T16:46:04.348+0000] {processor.py:840} INFO - DAG(s) 'stock_pipeline' retrieved from /opt/airflow/dags/stock_pipeline_dag.py
[2026-04-24T16:46:04.393+0000] {logging_mixin.py:188} INFO - [2026-04-24T16:46:04.393+0000] {dag.py:3096} INFO - Sync 1 DAGs
[2026-04-24T16:46:04.419+0000] {logging_mixin.py:188} INFO - [2026-04-24T16:46:04.419+0000] {dag.py:3954} INFO - Setting next_dagrun for stock_pipeline to 2026-04-24 06:00:00+00:00, run_after=2026-04-27 06:00:00+00:00
[2026-04-24T16:46:04.442+0000] {processor.py:183} INFO - Processing /opt/airflow/dags/stock_pipeline_dag.py took 0.141 seconds
[2026-04-24T16:46:34.823+0000] {processor.py:161} INFO - Started process (PID=2664) to work on /opt/airflow/dags/stock_pipeline_dag.py
[2026-04-24T16:46:34.824+0000] {processor.py:830} INFO - Processing file /opt/airflow/dags/stock_pipeline_dag.py for tasks to queue
[2026-04-24T16:46:34.829+0000] {logging_mixin.py:188} INFO - [2026-04-24T16:46:34.828+0000] {dagbag.py:540} INFO - Filling up the DagBag from /opt/airflow/dags/stock_pipeline_dag.py
[2026-04-24T16:46:34.875+0000] {processor.py:840} INFO - DAG(s) 'stock_pipeline' retrieved from /opt/airflow/dags/stock_pipeline_dag.py
[2026-04-24T16:46:34.903+0000] {logging_mixin.py:188} INFO - [2026-04-24T16:46:34.902+0000] {dag.py:3096} INFO - Sync 1 DAGs
[2026-04-24T16:46:34.929+0000] {logging_mixin.py:188} INFO - [2026-04-24T16:46:34.929+0000] {dag.py:3954} INFO - Setting next_dagrun for stock_pipeline to 2026-04-24 06:00:00+00:00, run_after=2026-04-27 06:00:00+00:00
[2026-04-24T16:46:34.952+0000] {processor.py:183} INFO - Processing /opt/airflow/dags/stock_pipeline_dag.py took 0.139 seconds
[2026-04-24T16:47:05.176+0000] {processor.py:161} INFO - Started process (PID=2669) to work on /opt/airflow/dags/stock_pipeline_dag.py
[2026-04-24T16:47:05.177+0000] {processor.py:830} INFO - Processing file /opt/airflow/dags/stock_pipeline_dag.py for tasks to queue
[2026-04-24T16:47:05.178+0000] {logging_mixin.py:188} INFO - [2026-04-24T16:47:05.178+0000] {dagbag.py:540} INFO - Filling up the DagBag from /opt/airflow/dags/stock_pipeline_dag.py
[2026-04-24T16:47:05.218+0000] {processor.py:840} INFO - DAG(s) 'stock_pipeline' retrieved from /opt/airflow/dags/stock_pipeline_dag.py
[2026-04-24T16:47:05.251+0000] {logging_mixin.py:188} INFO - [2026-04-24T16:47:05.251+0000] {dag.py:3096} INFO - Sync 1 DAGs
[2026-04-24T16:47:05.283+0000] {logging_mixin.py:188} INFO - [2026-04-24T16:47:05.283+0000] {dag.py:3954} INFO - Setting next_dagrun for stock_pipeline to 2026-04-24 06:00:00+00:00, run_after=2026-04-27 06:00:00+00:00
[2026-04-24T16:47:05.306+0000] {processor.py:183} INFO - Processing /opt/airflow/dags/stock_pipeline_dag.py took 0.135 seconds
[2026-04-24T16:47:35.701+0000] {processor.py:161} INFO - Started process (PID=2674) to work on /opt/airflow/dags/stock_pipeline_dag.py
[2026-04-24T16:47:35.703+0000] {processor.py:830} INFO - Processing file /opt/airflow/dags/stock_pipeline_dag.py for tasks to queue
[2026-04-24T16:47:35.705+0000] {logging_mixin.py:188} INFO - [2026-04-24T16:47:35.704+0000] {dagbag.py:540} INFO - Filling up the DagBag from /opt/airflow/dags/stock_pipeline_dag.py
[2026-04-24T16:47:35.736+0000] {processor.py:840} INFO - DAG(s) 'stock_pipeline' retrieved from /opt/airflow/dags/stock_pipeline_dag.py
[2026-04-24T16:47:35.759+0000] {logging_mixin.py:188} INFO - [2026-04-24T16:47:35.759+0000] {dag.py:3096} INFO - Sync 1 DAGs
[2026-04-24T16:47:35.780+0000] {logging_mixin.py:188} INFO - [2026-04-24T16:47:35.780+0000] {dag.py:3954} INFO - Setting next_dagrun for stock_pipeline to 2026-04-24 06:00:00+00:00, run_after=2026-04-27 06:00:00+00:00
[2026-04-24T16:47:35.796+0000] {processor.py:183} INFO - Processing /opt/airflow/dags/stock_pipeline_dag.py took 0.101 seconds
[2026-04-24T16:48:06.095+0000] {processor.py:161} INFO - Started process (PID=2679) to work on /opt/airflow/dags/stock_pipeline_dag.py
[2026-04-24T16:48:06.097+0000] {processor.py:830} INFO - Processing file /opt/airflow/dags/stock_pipeline_dag.py for tasks to queue
[2026-04-24T16:48:06.099+0000] {logging_mixin.py:188} INFO - [2026-04-24T16:48:06.099+0000] {dagbag.py:540} INFO - Filling up the DagBag from /opt/airflow/dags/stock_pipeline_dag.py
[2026-04-24T16:48:06.138+0000] {processor.py:840} INFO - DAG(s) 'stock_pipeline' retrieved from /opt/airflow/dags/stock_pipeline_dag.py
[2026-04-24T16:48:06.167+0000] {logging_mixin.py:188} INFO - [2026-04-24T16:48:06.167+0000] {dag.py:3096} INFO - Sync 1 DAGs
[2026-04-24T16:48:06.188+0000] {logging_mixin.py:188} INFO - [2026-04-24T16:48:06.188+0000] {dag.py:3954} INFO - Setting next_dagrun for stock_pipeline to 2026-04-24 06:00:00+00:00, run_after=2026-04-27 06:00:00+00:00
[2026-04-24T16:48:06.207+0000] {processor.py:183} INFO - Processing /opt/airflow/dags/stock_pipeline_dag.py took 0.118 seconds
[2026-04-24T16:48:36.495+0000] {processor.py:161} INFO - Started process (PID=2684) to work on /opt/airflow/dags/stock_pipeline_dag.py
[2026-04-24T16:48:36.497+0000] {processor.py:830} INFO - Processing file /opt/airflow/dags/stock_pipeline_dag.py for tasks to queue
[2026-04-24T16:48:36.501+0000] {logging_mixin.py:188} INFO - [2026-04-24T16:48:36.500+0000] {dagbag.py:540} INFO - Filling up the DagBag from /opt/airflow/dags/stock_pipeline_dag.py
[2026-04-24T16:48:36.545+0000] {processor.py:840} INFO - DAG(s) 'stock_pipeline' retrieved from /opt/airflow/dags/stock_pipeline_dag.py
[2026-04-24T16:48:36.576+0000] {logging_mixin.py:188} INFO - [2026-04-24T16:48:36.576+0000] {dag.py:3096} INFO - Sync 1 DAGs
[2026-04-24T16:48:36.602+0000] {logging_mixin.py:188} INFO - [2026-04-24T16:48:36.602+0000] {dag.py:3954} INFO - Setting next_dagrun for stock_pipeline to 2026-04-24 06:00:00+00:00, run_after=2026-04-27 06:00:00+00:00
[2026-04-24T16:48:36.626+0000] {processor.py:183} INFO - Processing /opt/airflow/dags/stock_pipeline_dag.py took 0.137 seconds
[2026-04-24T16:49:06.953+0000] {processor.py:161} INFO - Started process (PID=2689) to work on /opt/airflow/dags/stock_pipeline_dag.py
[2026-04-24T16:49:06.954+0000] {processor.py:830} INFO - Processing file /opt/airflow/dags/stock_pipeline_dag.py for tasks to queue
[2026-04-24T16:49:06.957+0000] {logging_mixin.py:188} INFO - [2026-04-24T16:49:06.956+0000] {dagbag.py:540} INFO - Filling up the DagBag from /opt/airflow/dags/stock_pipeline_dag.py
[2026-04-24T16:49:07.009+0000] {processor.py:840} INFO - DAG(s) 'stock_pipeline' retrieved from /opt/airflow/dags/stock_pipeline_dag.py
[2026-04-24T16:49:07.042+0000] {logging_mixin.py:188} INFO - [2026-04-24T16:49:07.042+0000] {dag.py:3096} INFO - Sync 1 DAGs
[2026-04-24T16:49:07.067+0000] {logging_mixin.py:188} INFO - [2026-04-24T16:49:07.067+0000] {dag.py:3954} INFO - Setting next_dagrun for stock_pipeline to 2026-04-24 06:00:00+00:00, run_after=2026-04-27 06:00:00+00:00
[2026-04-24T16:49:07.089+0000] {processor.py:183} INFO - Processing /opt/airflow/dags/stock_pipeline_dag.py took 0.145 seconds
[2026-04-24T16:49:37.345+0000] {processor.py:161} INFO - Started process (PID=2694) to work on /opt/airflow/dags/stock_pipeline_dag.py
[2026-04-24T16:49:37.346+0000] {processor.py:830} INFO - Processing file /opt/airflow/dags/stock_pipeline_dag.py for tasks to queue
[2026-04-24T16:49:37.348+0000] {logging_mixin.py:188} INFO - [2026-04-24T16:49:37.347+0000] {dagbag.py:540} INFO - Filling up the DagBag from /opt/airflow/dags/stock_pipeline_dag.py
[2026-04-24T16:49:37.380+0000] {processor.py:840} INFO - DAG(s) 'stock_pipeline' retrieved from /opt/airflow/dags/stock_pipeline_dag.py
[2026-04-24T16:49:37.415+0000] {logging_mixin.py:188} INFO - [2026-04-24T16:49:37.415+0000] {dag.py:3096} INFO - Sync 1 DAGs
[2026-04-24T16:49:37.441+0000] {logging_mixin.py:188} INFO - [2026-04-24T16:49:37.441+0000] {dag.py:3954} INFO - Setting next_dagrun for stock_pipeline to 2026-04-24 06:00:00+00:00, run_after=2026-04-27 06:00:00+00:00
[2026-04-24T16:49:37.467+0000] {processor.py:183} INFO - Processing /opt/airflow/dags/stock_pipeline_dag.py took 0.128 seconds
[2026-04-24T16:50:07.851+0000] {processor.py:161} INFO - Started process (PID=2699) to work on /opt/airflow/dags/stock_pipeline_dag.py
[2026-04-24T16:50:07.853+0000] {processor.py:830} INFO - Processing file /opt/airflow/dags/stock_pipeline_dag.py for tasks to queue
[2026-04-24T16:50:07.855+0000] {logging_mixin.py:188} INFO - [2026-04-24T16:50:07.854+0000] {dagbag.py:540} INFO - Filling up the DagBag from /opt/airflow/dags/stock_pipeline_dag.py
[2026-04-24T16:50:07.893+0000] {processor.py:840} INFO - DAG(s) 'stock_pipeline' retrieved from /opt/airflow/dags/stock_pipeline_dag.py
[2026-04-24T16:50:07.921+0000] {logging_mixin.py:188} INFO - [2026-04-24T16:50:07.921+0000] {dag.py:3096} INFO - Sync 1 DAGs
[2026-04-24T16:50:07.949+0000] {logging_mixin.py:188} INFO - [2026-04-24T16:50:07.949+0000] {dag.py:3954} INFO - Setting next_dagrun for stock_pipeline to 2026-04-24 06:00:00+00:00, run_after=2026-04-27 06:00:00+00:00
[2026-04-24T16:50:07.972+0000] {processor.py:183} INFO - Processing /opt/airflow/dags/stock_pipeline_dag.py took 0.127 seconds
[2026-04-24T16:50:38.274+0000] {processor.py:161} INFO - Started process (PID=2704) to work on /opt/airflow/dags/stock_pipeline_dag.py
[2026-04-24T16:50:38.275+0000] {processor.py:830} INFO - Processing file /opt/airflow/dags/stock_pipeline_dag.py for tasks to queue
[2026-04-24T16:50:38.278+0000] {logging_mixin.py:188} INFO - [2026-04-24T16:50:38.277+0000] {dagbag.py:540} INFO - Filling up the DagBag from /opt/airflow/dags/stock_pipeline_dag.py
[2026-04-24T16:50:38.344+0000] {processor.py:840} INFO - DAG(s) 'stock_pipeline' retrieved from /opt/airflow/dags/stock_pipeline_dag.py
[2026-04-24T16:50:38.373+0000] {logging_mixin.py:188} INFO - [2026-04-24T16:50:38.373+0000] {dag.py:3096} INFO - Sync 1 DAGs
[2026-04-24T16:50:38.399+0000] {logging_mixin.py:188} INFO - [2026-04-24T16:50:38.398+0000] {dag.py:3954} INFO - Setting next_dagrun for stock_pipeline to 2026-04-24 06:00:00+00:00, run_after=2026-04-27 06:00:00+00:00
[2026-04-24T16:50:38.424+0000] {processor.py:183} INFO - Processing /opt/airflow/dags/stock_pipeline_dag.py took 0.156 seconds
[2026-04-24T16:51:08.800+0000] {processor.py:161} INFO - Started process (PID=2709) to work on /opt/airflow/dags/stock_pipeline_dag.py
[2026-04-24T16:51:08.802+0000] {processor.py:830} INFO - Processing file /opt/airflow/dags/stock_pipeline_dag.py for tasks to queue
[2026-04-24T16:51:08.805+0000] {logging_mixin.py:188} INFO - [2026-04-24T16:51:08.805+0000] {dagbag.py:540} INFO - Filling up the DagBag from /opt/airflow/dags/stock_pipeline_dag.py
[2026-04-24T16:51:08.889+0000] {processor.py:840} INFO - DAG(s) 'stock_pipeline' retrieved from /opt/airflow/dags/stock_pipeline_dag.py
[2026-04-24T16:51:08.932+0000] {logging_mixin.py:188} INFO - [2026-04-24T16:51:08.932+0000] {dag.py:3096} INFO - Sync 1 DAGs
[2026-04-24T16:51:08.958+0000] {logging_mixin.py:188} INFO - [2026-04-24T16:51:08.957+0000] {dag.py:3954} INFO - Setting next_dagrun for stock_pipeline to 2026-04-24 06:00:00+00:00, run_after=2026-04-27 06:00:00+00:00
[2026-04-24T16:51:08.981+0000] {processor.py:183} INFO - Processing /opt/airflow/dags/stock_pipeline_dag.py took 0.189 seconds
[2026-04-24T16:51:39.199+0000] {processor.py:161} INFO - Started process (PID=2714) to work on /opt/airflow/dags/stock_pipeline_dag.py
[2026-04-24T16:51:39.200+0000] {processor.py:830} INFO - Processing file /opt/airflow/dags/stock_pipeline_dag.py for tasks to queue
[2026-04-24T16:51:39.203+0000] {logging_mixin.py:188} INFO - [2026-04-24T16:51:39.202+0000] {dagbag.py:540} INFO - Filling up the DagBag from /opt/airflow/dags/stock_pipeline_dag.py
[2026-04-24T16:51:39.245+0000] {processor.py:840} INFO - DAG(s) 'stock_pipeline' retrieved from /opt/airflow/dags/stock_pipeline_dag.py
[2026-04-24T16:51:39.278+0000] {logging_mixin.py:188} INFO - [2026-04-24T16:51:39.278+0000] {dag.py:3096} INFO - Sync 1 DAGs
[2026-04-24T16:51:39.303+0000] {logging_mixin.py:188} INFO - [2026-04-24T16:51:39.303+0000] {dag.py:3954} INFO - Setting next_dagrun for stock_pipeline to 2026-04-24 06:00:00+00:00, run_after=2026-04-27 06:00:00+00:00
[2026-04-24T16:51:39.326+0000] {processor.py:183} INFO - Processing /opt/airflow/dags/stock_pipeline_dag.py took 0.133 seconds
[2026-04-24T16:52:09.547+0000] {processor.py:161} INFO - Started process (PID=2719) to work on /opt/airflow/dags/stock_pipeline_dag.py
[2026-04-24T16:52:09.548+0000] {processor.py:830} INFO - Processing file /opt/airflow/dags/stock_pipeline_dag.py for tasks to queue
[2026-04-24T16:52:09.550+0000] {logging_mixin.py:188} INFO - [2026-04-24T16:52:09.550+0000] {dagbag.py:540} INFO - Filling up the DagBag from /opt/airflow/dags/stock_pipeline_dag.py
[2026-04-24T16:52:09.586+0000] {processor.py:840} INFO - DAG(s) 'stock_pipeline' retrieved from /opt/airflow/dags/stock_pipeline_dag.py
[2026-04-24T16:52:09.611+0000] {logging_mixin.py:188} INFO - [2026-04-24T16:52:09.611+0000] {dag.py:3096} INFO - Sync 1 DAGs
[2026-04-24T16:52:09.631+0000] {logging_mixin.py:188} INFO - [2026-04-24T16:52:09.631+0000] {dag.py:3954} INFO - Setting next_dagrun for stock_pipeline to 2026-04-24 06:00:00+00:00, run_after=2026-04-27 06:00:00+00:00
[2026-04-24T16:52:09.650+0000] {processor.py:183} INFO - Processing /opt/airflow/dags/stock_pipeline_dag.py took 0.108 seconds
[2026-04-24T16:52:40.143+0000] {processor.py:161} INFO - Started process (PID=2724) to work on /opt/airflow/dags/stock_pipeline_dag.py
[2026-04-24T16:52:40.147+0000] {processor.py:830} INFO - Processing file /opt/airflow/dags/stock_pipeline_dag.py for tasks to queue
[2026-04-24T16:52:40.152+0000] {logging_mixin.py:188} INFO - [2026-04-24T16:52:40.151+0000] {dagbag.py:540} INFO - Filling up the DagBag from /opt/airflow/dags/stock_pipeline_dag.py
[2026-04-24T16:52:40.199+0000] {processor.py:840} INFO - DAG(s) 'stock_pipeline' retrieved from /opt/airflow/dags/stock_pipeline_dag.py
[2026-04-24T16:52:40.231+0000] {logging_mixin.py:188} INFO - [2026-04-24T16:52:40.231+0000] {dag.py:3096} INFO - Sync 1 DAGs
[2026-04-24T16:52:40.261+0000] {logging_mixin.py:188} INFO - [2026-04-24T16:52:40.261+0000] {dag.py:3954} INFO - Setting next_dagrun for stock_pipeline to 2026-04-24 06:00:00+00:00, run_after=2026-04-27 06:00:00+00:00
[2026-04-24T16:52:40.293+0000] {processor.py:183} INFO - Processing /opt/airflow/dags/stock_pipeline_dag.py took 0.167 seconds
[2026-04-24T16:53:10.482+0000] {processor.py:161} INFO - Started process (PID=2729) to work on /opt/airflow/dags/stock_pipeline_dag.py
[2026-04-24T16:53:10.483+0000] {processor.py:830} INFO - Processing file /opt/airflow/dags/stock_pipeline_dag.py for tasks to queue
[2026-04-24T16:53:10.486+0000] {logging_mixin.py:188} INFO - [2026-04-24T16:53:10.485+0000] {dagbag.py:540} INFO - Filling up the DagBag from /opt/airflow/dags/stock_pipeline_dag.py
[2026-04-24T16:53:10.535+0000] {processor.py:840} INFO - DAG(s) 'stock_pipeline' retrieved from /opt/airflow/dags/stock_pipeline_dag.py
[2026-04-24T16:53:10.566+0000] {logging_mixin.py:188} INFO - [2026-04-24T16:53:10.566+0000] {dag.py:3096} INFO - Sync 1 DAGs
[2026-04-24T16:53:10.594+0000] {logging_mixin.py:188} INFO - [2026-04-24T16:53:10.594+0000] {dag.py:3954} INFO - Setting next_dagrun for stock_pipeline to 2026-04-24 06:00:00+00:00, run_after=2026-04-27 06:00:00+00:00
[2026-04-24T16:53:10.627+0000] {processor.py:183} INFO - Processing /opt/airflow/dags/stock_pipeline_dag.py took 0.153 seconds
[2026-04-24T16:53:41.064+0000] {processor.py:161} INFO - Started process (PID=2734) to work on /opt/airflow/dags/stock_pipeline_dag.py
[2026-04-24T16:53:41.066+0000] {processor.py:830} INFO - Processing file /opt/airflow/dags/stock_pipeline_dag.py for tasks to queue
[2026-04-24T16:53:41.069+0000] {logging_mixin.py:188} INFO - [2026-04-24T16:53:41.068+0000] {dagbag.py:540} INFO - Filling up the DagBag from /opt/airflow/dags/stock_pipeline_dag.py
[2026-04-24T16:53:41.105+0000] {processor.py:840} INFO - DAG(s) 'stock_pipeline' retrieved from /opt/airflow/dags/stock_pipeline_dag.py
[2026-04-24T16:53:41.137+0000] {logging_mixin.py:188} INFO - [2026-04-24T16:53:41.136+0000] {dag.py:3096} INFO - Sync 1 DAGs
[2026-04-24T16:53:41.161+0000] {logging_mixin.py:188} INFO - [2026-04-24T16:53:41.160+0000] {dag.py:3954} INFO - Setting next_dagrun for stock_pipeline to 2026-04-24 06:00:00+00:00, run_after=2026-04-27 06:00:00+00:00
[2026-04-24T16:53:41.183+0000] {processor.py:183} INFO - Processing /opt/airflow/dags/stock_pipeline_dag.py took 0.125 seconds
[2026-04-24T16:54:11.489+0000] {processor.py:161} INFO - Started process (PID=2739) to work on /opt/airflow/dags/stock_pipeline_dag.py
[2026-04-24T16:54:11.490+0000] {processor.py:830} INFO - Processing file /opt/airflow/dags/stock_pipeline_dag.py for tasks to queue
[2026-04-24T16:54:11.492+0000] {logging_mixin.py:188} INFO - [2026-04-24T16:54:11.492+0000] {dagbag.py:540} INFO - Filling up the DagBag from /opt/airflow/dags/stock_pipeline_dag.py
[2026-04-24T16:54:11.530+0000] {processor.py:840} INFO - DAG(s) 'stock_pipeline' retrieved from /opt/airflow/dags/stock_pipeline_dag.py
[2026-04-24T16:54:11.559+0000] {logging_mixin.py:188} INFO - [2026-04-24T16:54:11.559+0000] {dag.py:3096} INFO - Sync 1 DAGs
[2026-04-24T16:54:11.582+0000] {logging_mixin.py:188} INFO - [2026-04-24T16:54:11.582+0000] {dag.py:3954} INFO - Setting next_dagrun for stock_pipeline to 2026-04-24 06:00:00+00:00, run_after=2026-04-27 06:00:00+00:00
[2026-04-24T16:54:11.604+0000] {processor.py:183} INFO - Processing /opt/airflow/dags/stock_pipeline_dag.py took 0.121 seconds
[2026-04-24T16:54:41.925+0000] {processor.py:161} INFO - Started process (PID=2744) to work on /opt/airflow/dags/stock_pipeline_dag.py
[2026-04-24T16:54:41.926+0000] {processor.py:830} INFO - Processing file /opt/airflow/dags/stock_pipeline_dag.py for tasks to queue
[2026-04-24T16:54:41.929+0000] {logging_mixin.py:188} INFO - [2026-04-24T16:54:41.928+0000] {dagbag.py:540} INFO - Filling up the DagBag from /opt/airflow/dags/stock_pipeline_dag.py
[2026-04-24T16:54:41.975+0000] {processor.py:840} INFO - DAG(s) 'stock_pipeline' retrieved from /opt/airflow/dags/stock_pipeline_dag.py
[2026-04-24T16:54:42.008+0000] {logging_mixin.py:188} INFO - [2026-04-24T16:54:42.008+0000] {dag.py:3096} INFO - Sync 1 DAGs
[2026-04-24T16:54:42.034+0000] {logging_mixin.py:188} INFO - [2026-04-24T16:54:42.033+0000] {dag.py:3954} INFO - Setting next_dagrun for stock_pipeline to 2026-04-24 06:00:00+00:00, run_after=2026-04-27 06:00:00+00:00
[2026-04-24T16:54:42.059+0000] {processor.py:183} INFO - Processing /opt/airflow/dags/stock_pipeline_dag.py took 0.140 seconds
[2026-04-24T16:55:12.395+0000] {processor.py:161} INFO - Started process (PID=2749) to work on /opt/airflow/dags/stock_pipeline_dag.py
[2026-04-24T16:55:12.397+0000] {processor.py:830} INFO - Processing file /opt/airflow/dags/stock_pipeline_dag.py for tasks to queue
[2026-04-24T16:55:12.399+0000] {logging_mixin.py:188} INFO - [2026-04-24T16:55:12.398+0000] {dagbag.py:540} INFO - Filling up the DagBag from /opt/airflow/dags/stock_pipeline_dag.py
[2026-04-24T16:55:12.440+0000] {processor.py:840} INFO - DAG(s) 'stock_pipeline' retrieved from /opt/airflow/dags/stock_pipeline_dag.py
[2026-04-24T16:55:12.471+0000] {logging_mixin.py:188} INFO - [2026-04-24T16:55:12.471+0000] {dag.py:3096} INFO - Sync 1 DAGs
[2026-04-24T16:55:12.497+0000] {logging_mixin.py:188} INFO - [2026-04-24T16:55:12.496+0000] {dag.py:3954} INFO - Setting next_dagrun for stock_pipeline to 2026-04-24 06:00:00+00:00, run_after=2026-04-27 06:00:00+00:00
[2026-04-24T16:55:12.519+0000] {processor.py:183} INFO - Processing /opt/airflow/dags/stock_pipeline_dag.py took 0.134 seconds
[2026-04-24T16:55:42.824+0000] {processor.py:161} INFO - Started process (PID=2754) to work on /opt/airflow/dags/stock_pipeline_dag.py
[2026-04-24T16:55:42.825+0000] {processor.py:830} INFO - Processing file /opt/airflow/dags/stock_pipeline_dag.py for tasks to queue
[2026-04-24T16:55:42.828+0000] {logging_mixin.py:188} INFO - [2026-04-24T16:55:42.827+0000] {dagbag.py:540} INFO - Filling up the DagBag from /opt/airflow/dags/stock_pipeline_dag.py
[2026-04-24T16:55:42.865+0000] {processor.py:840} INFO - DAG(s) 'stock_pipeline' retrieved from /opt/airflow/dags/stock_pipeline_dag.py
[2026-04-24T16:55:42.900+0000] {logging_mixin.py:188} INFO - [2026-04-24T16:55:42.900+0000] {dag.py:3096} INFO - Sync 1 DAGs
[2026-04-24T16:55:42.927+0000] {logging_mixin.py:188} INFO - [2026-04-24T16:55:42.927+0000] {dag.py:3954} INFO - Setting next_dagrun for stock_pipeline to 2026-04-24 06:00:00+00:00, run_after=2026-04-27 06:00:00+00:00
[2026-04-24T16:55:42.954+0000] {processor.py:183} INFO - Processing /opt/airflow/dags/stock_pipeline_dag.py took 0.137 seconds
[2026-04-24T16:56:13.357+0000] {processor.py:161} INFO - Started process (PID=2759) to work on /opt/airflow/dags/stock_pipeline_dag.py
[2026-04-24T16:56:13.359+0000] {processor.py:830} INFO - Processing file /opt/airflow/dags/stock_pipeline_dag.py for tasks to queue
[2026-04-24T16:56:13.361+0000] {logging_mixin.py:188} INFO - [2026-04-24T16:56:13.360+0000] {dagbag.py:540} INFO - Filling up the DagBag from /opt/airflow/dags/stock_pipeline_dag.py
[2026-04-24T16:56:13.407+0000] {processor.py:840} INFO - DAG(s) 'stock_pipeline' retrieved from /opt/airflow/dags/stock_pipeline_dag.py
[2026-04-24T16:56:13.436+0000] {logging_mixin.py:188} INFO - [2026-04-24T16:56:13.436+0000] {dag.py:3096} INFO - Sync 1 DAGs
[2026-04-24T16:56:13.463+0000] {logging_mixin.py:188} INFO - [2026-04-24T16:56:13.463+0000] {dag.py:3954} INFO - Setting next_dagrun for stock_pipeline to 2026-04-24 06:00:00+00:00, run_after=2026-04-27 06:00:00+00:00
[2026-04-24T16:56:13.486+0000] {processor.py:183} INFO - Processing /opt/airflow/dags/stock_pipeline_dag.py took 0.135 seconds
[2026-04-24T16:56:43.809+0000] {processor.py:161} INFO - Started process (PID=2764) to work on /opt/airflow/dags/stock_pipeline_dag.py
[2026-04-24T16:56:43.810+0000] {processor.py:830} INFO - Processing file /opt/airflow/dags/stock_pipeline_dag.py for tasks to queue
[2026-04-24T16:56:43.812+0000] {logging_mixin.py:188} INFO - [2026-04-24T16:56:43.811+0000] {dagbag.py:540} INFO - Filling up the DagBag from /opt/airflow/dags/stock_pipeline_dag.py
[2026-04-24T16:56:43.855+0000] {processor.py:840} INFO - DAG(s) 'stock_pipeline' retrieved from /opt/airflow/dags/stock_pipeline_dag.py
[2026-04-24T16:56:43.886+0000] {logging_mixin.py:188} INFO - [2026-04-24T16:56:43.885+0000] {dag.py:3096} INFO - Sync 1 DAGs
[2026-04-24T16:56:43.909+0000] {logging_mixin.py:188} INFO - [2026-04-24T16:56:43.909+0000] {dag.py:3954} INFO - Setting next_dagrun for stock_pipeline to 2026-04-24 06:00:00+00:00, run_after=2026-04-27 06:00:00+00:00
[2026-04-24T16:56:43.931+0000] {processor.py:183} INFO - Processing /opt/airflow/dags/stock_pipeline_dag.py took 0.128 seconds
[2026-04-24T16:57:14.255+0000] {processor.py:161} INFO - Started process (PID=2769) to work on /opt/airflow/dags/stock_pipeline_dag.py
[2026-04-24T16:57:14.256+0000] {processor.py:830} INFO - Processing file /opt/airflow/dags/stock_pipeline_dag.py for tasks to queue
[2026-04-24T16:57:14.259+0000] {logging_mixin.py:188} INFO - [2026-04-24T16:57:14.259+0000] {dagbag.py:540} INFO - Filling up the DagBag from /opt/airflow/dags/stock_pipeline_dag.py
[2026-04-24T16:57:14.293+0000] {processor.py:840} INFO - DAG(s) 'stock_pipeline' retrieved from /opt/airflow/dags/stock_pipeline_dag.py
[2026-04-24T16:57:14.324+0000] {logging_mixin.py:188} INFO - [2026-04-24T16:57:14.323+0000] {dag.py:3096} INFO - Sync 1 DAGs
[2026-04-24T16:57:14.348+0000] {logging_mixin.py:188} INFO - [2026-04-24T16:57:14.348+0000] {dag.py:3954} INFO - Setting next_dagrun for stock_pipeline to 2026-04-24 06:00:00+00:00, run_after=2026-04-27 06:00:00+00:00
[2026-04-24T16:57:14.377+0000] {processor.py:183} INFO - Processing /opt/airflow/dags/stock_pipeline_dag.py took 0.127 seconds
[2026-04-24T16:57:44.672+0000] {processor.py:161} INFO - Started process (PID=2774) to work on /opt/airflow/dags/stock_pipeline_dag.py
[2026-04-24T16:57:44.674+0000] {processor.py:830} INFO - Processing file /opt/airflow/dags/stock_pipeline_dag.py for tasks to queue
[2026-04-24T16:57:44.677+0000] {logging_mixin.py:188} INFO - [2026-04-24T16:57:44.676+0000] {dagbag.py:540} INFO - Filling up the DagBag from /opt/airflow/dags/stock_pipeline_dag.py
[2026-04-24T16:57:44.720+0000] {processor.py:840} INFO - DAG(s) 'stock_pipeline' retrieved from /opt/airflow/dags/stock_pipeline_dag.py
[2026-04-24T16:57:44.758+0000] {logging_mixin.py:188} INFO - [2026-04-24T16:57:44.757+0000] {dag.py:3096} INFO - Sync 1 DAGs
[2026-04-24T16:57:44.794+0000] {logging_mixin.py:188} INFO - [2026-04-24T16:57:44.794+0000] {dag.py:3954} INFO - Setting next_dagrun for stock_pipeline to 2026-04-24 06:00:00+00:00, run_after=2026-04-27 06:00:00+00:00
[2026-04-24T16:57:44.832+0000] {processor.py:183} INFO - Processing /opt/airflow/dags/stock_pipeline_dag.py took 0.167 seconds
[2026-04-24T16:58:15.045+0000] {processor.py:161} INFO - Started process (PID=2779) to work on /opt/airflow/dags/stock_pipeline_dag.py
[2026-04-24T16:58:15.046+0000] {processor.py:830} INFO - Processing file /opt/airflow/dags/stock_pipeline_dag.py for tasks to queue
[2026-04-24T16:58:15.050+0000] {logging_mixin.py:188} INFO - [2026-04-24T16:58:15.049+0000] {dagbag.py:540} INFO - Filling up the DagBag from /opt/airflow/dags/stock_pipeline_dag.py
[2026-04-24T16:58:15.098+0000] {processor.py:840} INFO - DAG(s) 'stock_pipeline' retrieved from /opt/airflow/dags/stock_pipeline_dag.py
[2026-04-24T16:58:15.135+0000] {logging_mixin.py:188} INFO - [2026-04-24T16:58:15.134+0000] {dag.py:3096} INFO - Sync 1 DAGs
[2026-04-24T16:58:15.161+0000] {logging_mixin.py:188} INFO - [2026-04-24T16:58:15.161+0000] {dag.py:3954} INFO - Setting next_dagrun for stock_pipeline to 2026-04-24 06:00:00+00:00, run_after=2026-04-27 06:00:00+00:00
[2026-04-24T16:58:15.185+0000] {processor.py:183} INFO - Processing /opt/airflow/dags/stock_pipeline_dag.py took 0.145 seconds
[2026-04-24T16:58:45.575+0000] {processor.py:161} INFO - Started process (PID=2784) to work on /opt/airflow/dags/stock_pipeline_dag.py
[2026-04-24T16:58:45.576+0000] {processor.py:830} INFO - Processing file /opt/airflow/dags/stock_pipeline_dag.py for tasks to queue
[2026-04-24T16:58:45.579+0000] {logging_mixin.py:188} INFO - [2026-04-24T16:58:45.578+0000] {dagbag.py:540} INFO - Filling up the DagBag from /opt/airflow/dags/stock_pipeline_dag.py
[2026-04-24T16:58:45.622+0000] {processor.py:840} INFO - DAG(s) 'stock_pipeline' retrieved from /opt/airflow/dags/stock_pipeline_dag.py
[2026-04-24T16:58:45.662+0000] {logging_mixin.py:188} INFO - [2026-04-24T16:58:45.662+0000] {dag.py:3096} INFO - Sync 1 DAGs
[2026-04-24T16:58:45.689+0000] {logging_mixin.py:188} INFO - [2026-04-24T16:58:45.689+0000] {dag.py:3954} INFO - Setting next_dagrun for stock_pipeline to 2026-04-24 06:00:00+00:00, run_after=2026-04-27 06:00:00+00:00
[2026-04-24T16:58:45.715+0000] {processor.py:183} INFO - Processing /opt/airflow/dags/stock_pipeline_dag.py took 0.145 seconds
[2026-04-24T16:59:15.952+0000] {processor.py:161} INFO - Started process (PID=2789) to work on /opt/airflow/dags/stock_pipeline_dag.py
[2026-04-24T16:59:15.953+0000] {processor.py:830} INFO - Processing file /opt/airflow/dags/stock_pipeline_dag.py for tasks to queue
[2026-04-24T16:59:15.956+0000] {logging_mixin.py:188} INFO - [2026-04-24T16:59:15.955+0000] {dagbag.py:540} INFO - Filling up the DagBag from /opt/airflow/dags/stock_pipeline_dag.py
[2026-04-24T16:59:16.001+0000] {processor.py:840} INFO - DAG(s) 'stock_pipeline' retrieved from /opt/airflow/dags/stock_pipeline_dag.py
[2026-04-24T16:59:16.034+0000] {logging_mixin.py:188} INFO - [2026-04-24T16:59:16.034+0000] {dag.py:3096} INFO - Sync 1 DAGs
[2026-04-24T16:59:16.059+0000] {logging_mixin.py:188} INFO - [2026-04-24T16:59:16.058+0000] {dag.py:3954} INFO - Setting next_dagrun for stock_pipeline to 2026-04-24 06:00:00+00:00, run_after=2026-04-27 06:00:00+00:00
[2026-04-24T16:59:16.084+0000] {processor.py:183} INFO - Processing /opt/airflow/dags/stock_pipeline_dag.py took 0.140 seconds
[2026-04-24T16:59:46.514+0000] {processor.py:161} INFO - Started process (PID=2794) to work on /opt/airflow/dags/stock_pipeline_dag.py
[2026-04-24T16:59:46.515+0000] {processor.py:830} INFO - Processing file /opt/airflow/dags/stock_pipeline_dag.py for tasks to queue
[2026-04-24T16:59:46.518+0000] {logging_mixin.py:188} INFO - [2026-04-24T16:59:46.518+0000] {dagbag.py:540} INFO - Filling up the DagBag from /opt/airflow/dags/stock_pipeline_dag.py
[2026-04-24T16:59:46.552+0000] {processor.py:840} INFO - DAG(s) 'stock_pipeline' retrieved from /opt/airflow/dags/stock_pipeline_dag.py
[2026-04-24T16:59:46.584+0000] {logging_mixin.py:188} INFO - [2026-04-24T16:59:46.584+0000] {dag.py:3096} INFO - Sync 1 DAGs
[2026-04-24T16:59:46.613+0000] {logging_mixin.py:188} INFO - [2026-04-24T16:59:46.613+0000] {dag.py:3954} INFO - Setting next_dagrun for stock_pipeline to 2026-04-24 06:00:00+00:00, run_after=2026-04-27 06:00:00+00:00
[2026-04-24T16:59:46.640+0000] {processor.py:183} INFO - Processing /opt/airflow/dags/stock_pipeline_dag.py took 0.132 seconds
[2026-04-24T17:00:16.964+0000] {processor.py:161} INFO - Started process (PID=2799) to work on /opt/airflow/dags/stock_pipeline_dag.py
[2026-04-24T17:00:16.966+0000] {processor.py:830} INFO - Processing file /opt/airflow/dags/stock_pipeline_dag.py for tasks to queue
[2026-04-24T17:00:16.968+0000] {logging_mixin.py:188} INFO - [2026-04-24T17:00:16.967+0000] {dagbag.py:540} INFO - Filling up the DagBag from /opt/airflow/dags/stock_pipeline_dag.py
[2026-04-24T17:00:17.006+0000] {processor.py:840} INFO - DAG(s) 'stock_pipeline' retrieved from /opt/airflow/dags/stock_pipeline_dag.py
[2026-04-24T17:00:17.038+0000] {logging_mixin.py:188} INFO - [2026-04-24T17:00:17.037+0000] {dag.py:3096} INFO - Sync 1 DAGs
[2026-04-24T17:00:17.063+0000] {logging_mixin.py:188} INFO - [2026-04-24T17:00:17.063+0000] {dag.py:3954} INFO - Setting next_dagrun for stock_pipeline to 2026-04-24 06:00:00+00:00, run_after=2026-04-27 06:00:00+00:00
[2026-04-24T17:00:17.089+0000] {processor.py:183} INFO - Processing /opt/airflow/dags/stock_pipeline_dag.py took 0.132 seconds
[2026-04-24T17:00:47.418+0000] {processor.py:161} INFO - Started process (PID=2804) to work on /opt/airflow/dags/stock_pipeline_dag.py
[2026-04-24T17:00:47.419+0000] {processor.py:830} INFO - Processing file /opt/airflow/dags/stock_pipeline_dag.py for tasks to queue
[2026-04-24T17:00:47.423+0000] {logging_mixin.py:188} INFO - [2026-04-24T17:00:47.422+0000] {dagbag.py:540} INFO - Filling up the DagBag from /opt/airflow/dags/stock_pipeline_dag.py
[2026-04-24T17:00:47.461+0000] {processor.py:840} INFO - DAG(s) 'stock_pipeline' retrieved from /opt/airflow/dags/stock_pipeline_dag.py
[2026-04-24T17:00:47.491+0000] {logging_mixin.py:188} INFO - [2026-04-24T17:00:47.490+0000] {dag.py:3096} INFO - Sync 1 DAGs
[2026-04-24T17:00:47.517+0000] {logging_mixin.py:188} INFO - [2026-04-24T17:00:47.517+0000] {dag.py:3954} INFO - Setting next_dagrun for stock_pipeline to 2026-04-24 06:00:00+00:00, run_after=2026-04-27 06:00:00+00:00
[2026-04-24T17:00:47.538+0000] {processor.py:183} INFO - Processing /opt/airflow/dags/stock_pipeline_dag.py took 0.130 seconds
[2026-04-24T17:01:17.772+0000] {processor.py:161} INFO - Started process (PID=2809) to work on /opt/airflow/dags/stock_pipeline_dag.py
[2026-04-24T17:01:17.774+0000] {processor.py:830} INFO - Processing file /opt/airflow/dags/stock_pipeline_dag.py for tasks to queue
[2026-04-24T17:01:17.777+0000] {logging_mixin.py:188} INFO - [2026-04-24T17:01:17.776+0000] {dagbag.py:540} INFO - Filling up the DagBag from /opt/airflow/dags/stock_pipeline_dag.py
[2026-04-24T17:01:17.814+0000] {processor.py:840} INFO - DAG(s) 'stock_pipeline' retrieved from /opt/airflow/dags/stock_pipeline_dag.py
[2026-04-24T17:01:17.850+0000] {logging_mixin.py:188} INFO - [2026-04-24T17:01:17.849+0000] {dag.py:3096} INFO - Sync 1 DAGs
[2026-04-24T17:01:17.877+0000] {logging_mixin.py:188} INFO - [2026-04-24T17:01:17.877+0000] {dag.py:3954} INFO - Setting next_dagrun for stock_pipeline to 2026-04-24 06:00:00+00:00, run_after=2026-04-27 06:00:00+00:00
[2026-04-24T17:01:17.900+0000] {processor.py:183} INFO - Processing /opt/airflow/dags/stock_pipeline_dag.py took 0.136 seconds
[2026-04-24T17:01:48.201+0000] {processor.py:161} INFO - Started process (PID=2814) to work on /opt/airflow/dags/stock_pipeline_dag.py
[2026-04-24T17:01:48.202+0000] {processor.py:830} INFO - Processing file /opt/airflow/dags/stock_pipeline_dag.py for tasks to queue
[2026-04-24T17:01:48.205+0000] {logging_mixin.py:188} INFO - [2026-04-24T17:01:48.204+0000] {dagbag.py:540} INFO - Filling up the DagBag from /opt/airflow/dags/stock_pipeline_dag.py
[2026-04-24T17:01:48.239+0000] {processor.py:840} INFO - DAG(s) 'stock_pipeline' retrieved from /opt/airflow/dags/stock_pipeline_dag.py
[2026-04-24T17:01:48.268+0000] {logging_mixin.py:188} INFO - [2026-04-24T17:01:48.268+0000] {dag.py:3096} INFO - Sync 1 DAGs
[2026-04-24T17:01:48.294+0000] {logging_mixin.py:188} INFO - [2026-04-24T17:01:48.294+0000] {dag.py:3954} INFO - Setting next_dagrun for stock_pipeline to 2026-04-24 06:00:00+00:00, run_after=2026-04-27 06:00:00+00:00
[2026-04-24T17:01:48.318+0000] {processor.py:183} INFO - Processing /opt/airflow/dags/stock_pipeline_dag.py took 0.124 seconds
[2026-04-24T17:02:18.666+0000] {processor.py:161} INFO - Started process (PID=2819) to work on /opt/airflow/dags/stock_pipeline_dag.py
[2026-04-24T17:02:18.668+0000] {processor.py:830} INFO - Processing file /opt/airflow/dags/stock_pipeline_dag.py for tasks to queue
[2026-04-24T17:02:18.670+0000] {logging_mixin.py:188} INFO - [2026-04-24T17:02:18.670+0000] {dagbag.py:540} INFO - Filling up the DagBag from /opt/airflow/dags/stock_pipeline_dag.py
[2026-04-24T17:02:18.710+0000] {processor.py:840} INFO - DAG(s) 'stock_pipeline' retrieved from /opt/airflow/dags/stock_pipeline_dag.py
[2026-04-24T17:02:18.744+0000] {logging_mixin.py:188} INFO - [2026-04-24T17:02:18.744+0000] {dag.py:3096} INFO - Sync 1 DAGs
[2026-04-24T17:02:18.767+0000] {logging_mixin.py:188} INFO - [2026-04-24T17:02:18.767+0000] {dag.py:3954} INFO - Setting next_dagrun for stock_pipeline to 2026-04-24 06:00:00+00:00, run_after=2026-04-27 06:00:00+00:00
[2026-04-24T17:02:18.798+0000] {processor.py:183} INFO - Processing /opt/airflow/dags/stock_pipeline_dag.py took 0.137 seconds
[2026-04-24T17:02:49.056+0000] {processor.py:161} INFO - Started process (PID=2824) to work on /opt/airflow/dags/stock_pipeline_dag.py
[2026-04-24T17:02:49.057+0000] {processor.py:830} INFO - Processing file /opt/airflow/dags/stock_pipeline_dag.py for tasks to queue
[2026-04-24T17:02:49.059+0000] {logging_mixin.py:188} INFO - [2026-04-24T17:02:49.059+0000] {dagbag.py:540} INFO - Filling up the DagBag from /opt/airflow/dags/stock_pipeline_dag.py
[2026-04-24T17:02:49.099+0000] {processor.py:840} INFO - DAG(s) 'stock_pipeline' retrieved from /opt/airflow/dags/stock_pipeline_dag.py
[2026-04-24T17:02:49.130+0000] {logging_mixin.py:188} INFO - [2026-04-24T17:02:49.130+0000] {dag.py:3096} INFO - Sync 1 DAGs
[2026-04-24T17:02:49.158+0000] {logging_mixin.py:188} INFO - [2026-04-24T17:02:49.157+0000] {dag.py:3954} INFO - Setting next_dagrun for stock_pipeline to 2026-04-24 06:00:00+00:00, run_after=2026-04-27 06:00:00+00:00
[2026-04-24T17:02:49.179+0000] {processor.py:183} INFO - Processing /opt/airflow/dags/stock_pipeline_dag.py took 0.132 seconds
[2026-04-24T17:03:19.609+0000] {processor.py:161} INFO - Started process (PID=2829) to work on /opt/airflow/dags/stock_pipeline_dag.py
[2026-04-24T17:03:19.610+0000] {processor.py:830} INFO - Processing file /opt/airflow/dags/stock_pipeline_dag.py for tasks to queue
[2026-04-24T17:03:19.613+0000] {logging_mixin.py:188} INFO - [2026-04-24T17:03:19.613+0000] {dagbag.py:540} INFO - Filling up the DagBag from /opt/airflow/dags/stock_pipeline_dag.py
[2026-04-24T17:03:19.652+0000] {processor.py:840} INFO - DAG(s) 'stock_pipeline' retrieved from /opt/airflow/dags/stock_pipeline_dag.py
[2026-04-24T17:03:19.689+0000] {logging_mixin.py:188} INFO - [2026-04-24T17:03:19.689+0000] {dag.py:3096} INFO - Sync 1 DAGs
[2026-04-24T17:03:19.729+0000] {logging_mixin.py:188} INFO - [2026-04-24T17:03:19.729+0000] {dag.py:3954} INFO - Setting next_dagrun for stock_pipeline to 2026-04-24 06:00:00+00:00, run_after=2026-04-27 06:00:00+00:00
[2026-04-24T17:03:19.758+0000] {processor.py:183} INFO - Processing /opt/airflow/dags/stock_pipeline_dag.py took 0.154 seconds
[2026-04-24T17:03:50.017+0000] {processor.py:161} INFO - Started process (PID=2834) to work on /opt/airflow/dags/stock_pipeline_dag.py
[2026-04-24T17:03:50.018+0000] {processor.py:830} INFO - Processing file /opt/airflow/dags/stock_pipeline_dag.py for tasks to queue
[2026-04-24T17:03:50.021+0000] {logging_mixin.py:188} INFO - [2026-04-24T17:03:50.020+0000] {dagbag.py:540} INFO - Filling up the DagBag from /opt/airflow/dags/stock_pipeline_dag.py
[2026-04-24T17:03:50.073+0000] {processor.py:840} INFO - DAG(s) 'stock_pipeline' retrieved from /opt/airflow/dags/stock_pipeline_dag.py
[2026-04-24T17:03:50.119+0000] {logging_mixin.py:188} INFO - [2026-04-24T17:03:50.119+0000] {dag.py:3096} INFO - Sync 1 DAGs
[2026-04-24T17:03:50.161+0000] {logging_mixin.py:188} INFO - [2026-04-24T17:03:50.161+0000] {dag.py:3954} INFO - Setting next_dagrun for stock_pipeline to 2026-04-24 06:00:00+00:00, run_after=2026-04-27 06:00:00+00:00
[2026-04-24T17:03:50.194+0000] {processor.py:183} INFO - Processing /opt/airflow/dags/stock_pipeline_dag.py took 0.186 seconds
[2026-04-24T17:04:20.522+0000] {processor.py:161} INFO - Started process (PID=2839) to work on /opt/airflow/dags/stock_pipeline_dag.py
[2026-04-24T17:04:20.523+0000] {processor.py:830} INFO - Processing file /opt/airflow/dags/stock_pipeline_dag.py for tasks to queue
[2026-04-24T17:04:20.526+0000] {logging_mixin.py:188} INFO - [2026-04-24T17:04:20.525+0000] {dagbag.py:540} INFO - Filling up the DagBag from /opt/airflow/dags/stock_pipeline_dag.py
[2026-04-24T17:04:20.560+0000] {processor.py:840} INFO - DAG(s) 'stock_pipeline' retrieved from /opt/airflow/dags/stock_pipeline_dag.py
[2026-04-24T17:04:20.592+0000] {logging_mixin.py:188} INFO - [2026-04-24T17:04:20.591+0000] {dag.py:3096} INFO - Sync 1 DAGs
[2026-04-24T17:04:20.618+0000] {logging_mixin.py:188} INFO - [2026-04-24T17:04:20.618+0000] {dag.py:3954} INFO - Setting next_dagrun for stock_pipeline to 2026-04-24 06:00:00+00:00, run_after=2026-04-27 06:00:00+00:00
[2026-04-24T17:04:20.640+0000] {processor.py:183} INFO - Processing /opt/airflow/dags/stock_pipeline_dag.py took 0.127 seconds
[2026-04-24T17:04:50.904+0000] {processor.py:161} INFO - Started process (PID=2844) to work on /opt/airflow/dags/stock_pipeline_dag.py
[2026-04-24T17:04:50.905+0000] {processor.py:830} INFO - Processing file /opt/airflow/dags/stock_pipeline_dag.py for tasks to queue
[2026-04-24T17:04:50.907+0000] {logging_mixin.py:188} INFO - [2026-04-24T17:04:50.907+0000] {dagbag.py:540} INFO - Filling up the DagBag from /opt/airflow/dags/stock_pipeline_dag.py
[2026-04-24T17:04:50.952+0000] {processor.py:840} INFO - DAG(s) 'stock_pipeline' retrieved from /opt/airflow/dags/stock_pipeline_dag.py
[2026-04-24T17:04:50.980+0000] {logging_mixin.py:188} INFO - [2026-04-24T17:04:50.980+0000] {dag.py:3096} INFO - Sync 1 DAGs
[2026-04-24T17:04:51.006+0000] {logging_mixin.py:188} INFO - [2026-04-24T17:04:51.005+0000] {dag.py:3954} INFO - Setting next_dagrun for stock_pipeline to 2026-04-24 06:00:00+00:00, run_after=2026-04-27 06:00:00+00:00
[2026-04-24T17:04:51.033+0000] {processor.py:183} INFO - Processing /opt/airflow/dags/stock_pipeline_dag.py took 0.134 seconds
[2026-04-24T17:05:21.337+0000] {processor.py:161} INFO - Started process (PID=2849) to work on /opt/airflow/dags/stock_pipeline_dag.py
[2026-04-24T17:05:21.339+0000] {processor.py:830} INFO - Processing file /opt/airflow/dags/stock_pipeline_dag.py for tasks to queue
[2026-04-24T17:05:21.341+0000] {logging_mixin.py:188} INFO - [2026-04-24T17:05:21.340+0000] {dagbag.py:540} INFO - Filling up the DagBag from /opt/airflow/dags/stock_pipeline_dag.py
[2026-04-24T17:05:21.395+0000] {processor.py:840} INFO - DAG(s) 'stock_pipeline' retrieved from /opt/airflow/dags/stock_pipeline_dag.py
[2026-04-24T17:05:21.425+0000] {logging_mixin.py:188} INFO - [2026-04-24T17:05:21.425+0000] {dag.py:3096} INFO - Sync 1 DAGs
[2026-04-24T17:05:21.456+0000] {logging_mixin.py:188} INFO - [2026-04-24T17:05:21.455+0000] {dag.py:3954} INFO - Setting next_dagrun for stock_pipeline to 2026-04-24 06:00:00+00:00, run_after=2026-04-27 06:00:00+00:00
[2026-04-24T17:05:21.484+0000] {processor.py:183} INFO - Processing /opt/airflow/dags/stock_pipeline_dag.py took 0.152 seconds
[2026-04-24T17:05:51.807+0000] {processor.py:161} INFO - Started process (PID=2854) to work on /opt/airflow/dags/stock_pipeline_dag.py
[2026-04-24T17:05:51.808+0000] {processor.py:830} INFO - Processing file /opt/airflow/dags/stock_pipeline_dag.py for tasks to queue
[2026-04-24T17:05:51.812+0000] {logging_mixin.py:188} INFO - [2026-04-24T17:05:51.812+0000] {dagbag.py:540} INFO - Filling up the DagBag from /opt/airflow/dags/stock_pipeline_dag.py
[2026-04-24T17:05:51.852+0000] {processor.py:840} INFO - DAG(s) 'stock_pipeline' retrieved from /opt/airflow/dags/stock_pipeline_dag.py
[2026-04-24T17:05:51.881+0000] {logging_mixin.py:188} INFO - [2026-04-24T17:05:51.881+0000] {dag.py:3096} INFO - Sync 1 DAGs
[2026-04-24T17:05:51.906+0000] {logging_mixin.py:188} INFO - [2026-04-24T17:05:51.906+0000] {dag.py:3954} INFO - Setting next_dagrun for stock_pipeline to 2026-04-24 06:00:00+00:00, run_after=2026-04-27 06:00:00+00:00
[2026-04-24T17:05:51.936+0000] {processor.py:183} INFO - Processing /opt/airflow/dags/stock_pipeline_dag.py took 0.137 seconds
[2026-04-24T17:06:22.194+0000] {processor.py:161} INFO - Started process (PID=2859) to work on /opt/airflow/dags/stock_pipeline_dag.py
[2026-04-24T17:06:22.196+0000] {processor.py:830} INFO - Processing file /opt/airflow/dags/stock_pipeline_dag.py for tasks to queue
[2026-04-24T17:06:22.198+0000] {logging_mixin.py:188} INFO - [2026-04-24T17:06:22.197+0000] {dagbag.py:540} INFO - Filling up the DagBag from /opt/airflow/dags/stock_pipeline_dag.py
[2026-04-24T17:06:22.233+0000] {processor.py:840} INFO - DAG(s) 'stock_pipeline' retrieved from /opt/airflow/dags/stock_pipeline_dag.py
[2026-04-24T17:06:22.264+0000] {logging_mixin.py:188} INFO - [2026-04-24T17:06:22.264+0000] {dag.py:3096} INFO - Sync 1 DAGs
[2026-04-24T17:06:22.287+0000] {logging_mixin.py:188} INFO - [2026-04-24T17:06:22.287+0000] {dag.py:3954} INFO - Setting next_dagrun for stock_pipeline to 2026-04-24 06:00:00+00:00, run_after=2026-04-27 06:00:00+00:00
[2026-04-24T17:06:22.313+0000] {processor.py:183} INFO - Processing /opt/airflow/dags/stock_pipeline_dag.py took 0.124 seconds
[2026-04-24T17:06:52.628+0000] {processor.py:161} INFO - Started process (PID=2864) to work on /opt/airflow/dags/stock_pipeline_dag.py
[2026-04-24T17:06:52.629+0000] {processor.py:830} INFO - Processing file /opt/airflow/dags/stock_pipeline_dag.py for tasks to queue
[2026-04-24T17:06:52.631+0000] {logging_mixin.py:188} INFO - [2026-04-24T17:06:52.630+0000] {dagbag.py:540} INFO - Filling up the DagBag from /opt/airflow/dags/stock_pipeline_dag.py
[2026-04-24T17:06:52.660+0000] {processor.py:840} INFO - DAG(s) 'stock_pipeline' retrieved from /opt/airflow/dags/stock_pipeline_dag.py
[2026-04-24T17:06:52.690+0000] {logging_mixin.py:188} INFO - [2026-04-24T17:06:52.689+0000] {dag.py:3096} INFO - Sync 1 DAGs
[2026-04-24T17:06:52.716+0000] {logging_mixin.py:188} INFO - [2026-04-24T17:06:52.716+0000] {dag.py:3954} INFO - Setting next_dagrun for stock_pipeline to 2026-04-24 06:00:00+00:00, run_after=2026-04-27 06:00:00+00:00
[2026-04-24T17:06:52.742+0000] {processor.py:183} INFO - Processing /opt/airflow/dags/stock_pipeline_dag.py took 0.119 seconds
[2026-04-24T17:07:23.092+0000] {processor.py:161} INFO - Started process (PID=2869) to work on /opt/airflow/dags/stock_pipeline_dag.py
[2026-04-24T17:07:23.093+0000] {processor.py:830} INFO - Processing file /opt/airflow/dags/stock_pipeline_dag.py for tasks to queue
[2026-04-24T17:07:23.095+0000] {logging_mixin.py:188} INFO - [2026-04-24T17:07:23.095+0000] {dagbag.py:540} INFO - Filling up the DagBag from /opt/airflow/dags/stock_pipeline_dag.py
[2026-04-24T17:07:23.142+0000] {processor.py:840} INFO - DAG(s) 'stock_pipeline' retrieved from /opt/airflow/dags/stock_pipeline_dag.py
[2026-04-24T17:07:23.172+0000] {logging_mixin.py:188} INFO - [2026-04-24T17:07:23.172+0000] {dag.py:3096} INFO - Sync 1 DAGs
[2026-04-24T17:07:23.199+0000] {logging_mixin.py:188} INFO - [2026-04-24T17:07:23.199+0000] {dag.py:3954} INFO - Setting next_dagrun for stock_pipeline to 2026-04-24 06:00:00+00:00, run_after=2026-04-27 06:00:00+00:00
[2026-04-24T17:07:23.224+0000] {processor.py:183} INFO - Processing /opt/airflow/dags/stock_pipeline_dag.py took 0.138 seconds
[2026-04-24T17:07:53.488+0000] {processor.py:161} INFO - Started process (PID=2874) to work on /opt/airflow/dags/stock_pipeline_dag.py
[2026-04-24T17:07:53.489+0000] {processor.py:830} INFO - Processing file /opt/airflow/dags/stock_pipeline_dag.py for tasks to queue
[2026-04-24T17:07:53.491+0000] {logging_mixin.py:188} INFO - [2026-04-24T17:07:53.490+0000] {dagbag.py:540} INFO - Filling up the DagBag from /opt/airflow/dags/stock_pipeline_dag.py
[2026-04-24T17:07:53.524+0000] {processor.py:840} INFO - DAG(s) 'stock_pipeline' retrieved from /opt/airflow/dags/stock_pipeline_dag.py
[2026-04-24T17:07:53.557+0000] {logging_mixin.py:188} INFO - [2026-04-24T17:07:53.557+0000] {dag.py:3096} INFO - Sync 1 DAGs
[2026-04-24T17:07:53.581+0000] {logging_mixin.py:188} INFO - [2026-04-24T17:07:53.581+0000] {dag.py:3954} INFO - Setting next_dagrun for stock_pipeline to 2026-04-24 06:00:00+00:00, run_after=2026-04-27 06:00:00+00:00
[2026-04-24T17:07:53.605+0000] {processor.py:183} INFO - Processing /opt/airflow/dags/stock_pipeline_dag.py took 0.123 seconds
[2026-04-24T17:08:23.960+0000] {processor.py:161} INFO - Started process (PID=2879) to work on /opt/airflow/dags/stock_pipeline_dag.py
[2026-04-24T17:08:23.962+0000] {processor.py:830} INFO - Processing file /opt/airflow/dags/stock_pipeline_dag.py for tasks to queue
[2026-04-24T17:08:23.965+0000] {logging_mixin.py:188} INFO - [2026-04-24T17:08:23.964+0000] {dagbag.py:540} INFO - Filling up the DagBag from /opt/airflow/dags/stock_pipeline_dag.py
[2026-04-24T17:08:23.997+0000] {processor.py:840} INFO - DAG(s) 'stock_pipeline' retrieved from /opt/airflow/dags/stock_pipeline_dag.py
[2026-04-24T17:08:24.030+0000] {logging_mixin.py:188} INFO - [2026-04-24T17:08:24.029+0000] {dag.py:3096} INFO - Sync 1 DAGs
[2026-04-24T17:08:24.056+0000] {logging_mixin.py:188} INFO - [2026-04-24T17:08:24.056+0000] {dag.py:3954} INFO - Setting next_dagrun for stock_pipeline to 2026-04-24 06:00:00+00:00, run_after=2026-04-27 06:00:00+00:00
[2026-04-24T17:08:24.080+0000] {processor.py:183} INFO - Processing /opt/airflow/dags/stock_pipeline_dag.py took 0.126 seconds
[2026-04-24T17:08:54.362+0000] {processor.py:161} INFO - Started process (PID=2884) to work on /opt/airflow/dags/stock_pipeline_dag.py
[2026-04-24T17:08:54.364+0000] {processor.py:830} INFO - Processing file /opt/airflow/dags/stock_pipeline_dag.py for tasks to queue
[2026-04-24T17:08:54.367+0000] {logging_mixin.py:188} INFO - [2026-04-24T17:08:54.366+0000] {dagbag.py:540} INFO - Filling up the DagBag from /opt/airflow/dags/stock_pipeline_dag.py
[2026-04-24T17:08:54.410+0000] {processor.py:840} INFO - DAG(s) 'stock_pipeline' retrieved from /opt/airflow/dags/stock_pipeline_dag.py
[2026-04-24T17:08:54.443+0000] {logging_mixin.py:188} INFO - [2026-04-24T17:08:54.443+0000] {dag.py:3096} INFO - Sync 1 DAGs
[2026-04-24T17:08:54.468+0000] {logging_mixin.py:188} INFO - [2026-04-24T17:08:54.468+0000] {dag.py:3954} INFO - Setting next_dagrun for stock_pipeline to 2026-04-24 06:00:00+00:00, run_after=2026-04-27 06:00:00+00:00
[2026-04-24T17:08:54.491+0000] {processor.py:183} INFO - Processing /opt/airflow/dags/stock_pipeline_dag.py took 0.134 seconds
[2026-04-24T17:09:24.812+0000] {processor.py:161} INFO - Started process (PID=2889) to work on /opt/airflow/dags/stock_pipeline_dag.py
[2026-04-24T17:09:24.814+0000] {processor.py:830} INFO - Processing file /opt/airflow/dags/stock_pipeline_dag.py for tasks to queue
[2026-04-24T17:09:24.816+0000] {logging_mixin.py:188} INFO - [2026-04-24T17:09:24.816+0000] {dagbag.py:540} INFO - Filling up the DagBag from /opt/airflow/dags/stock_pipeline_dag.py
[2026-04-24T17:09:24.851+0000] {processor.py:840} INFO - DAG(s) 'stock_pipeline' retrieved from /opt/airflow/dags/stock_pipeline_dag.py
[2026-04-24T17:09:24.882+0000] {logging_mixin.py:188} INFO - [2026-04-24T17:09:24.881+0000] {dag.py:3096} INFO - Sync 1 DAGs
[2026-04-24T17:09:24.906+0000] {logging_mixin.py:188} INFO - [2026-04-24T17:09:24.906+0000] {dag.py:3954} INFO - Setting next_dagrun for stock_pipeline to 2026-04-24 06:00:00+00:00, run_after=2026-04-27 06:00:00+00:00
[2026-04-24T17:09:24.930+0000] {processor.py:183} INFO - Processing /opt/airflow/dags/stock_pipeline_dag.py took 0.123 seconds
[2026-04-24T17:09:55.205+0000] {processor.py:161} INFO - Started process (PID=2894) to work on /opt/airflow/dags/stock_pipeline_dag.py
[2026-04-24T17:09:55.206+0000] {processor.py:830} INFO - Processing file /opt/airflow/dags/stock_pipeline_dag.py for tasks to queue
[2026-04-24T17:09:55.209+0000] {logging_mixin.py:188} INFO - [2026-04-24T17:09:55.209+0000] {dagbag.py:540} INFO - Filling up the DagBag from /opt/airflow/dags/stock_pipeline_dag.py
[2026-04-24T17:09:55.258+0000] {processor.py:840} INFO - DAG(s) 'stock_pipeline' retrieved from /opt/airflow/dags/stock_pipeline_dag.py
[2026-04-24T17:09:55.297+0000] {logging_mixin.py:188} INFO - [2026-04-24T17:09:55.297+0000] {dag.py:3096} INFO - Sync 1 DAGs
[2026-04-24T17:09:55.340+0000] {logging_mixin.py:188} INFO - [2026-04-24T17:09:55.339+0000] {dag.py:3954} INFO - Setting next_dagrun for stock_pipeline to 2026-04-24 06:00:00+00:00, run_after=2026-04-27 06:00:00+00:00
[2026-04-24T17:09:55.375+0000] {processor.py:183} INFO - Processing /opt/airflow/dags/stock_pipeline_dag.py took 0.183 seconds
[2026-04-24T17:10:25.655+0000] {processor.py:161} INFO - Started process (PID=2899) to work on /opt/airflow/dags/stock_pipeline_dag.py
[2026-04-24T17:10:25.656+0000] {processor.py:830} INFO - Processing file /opt/airflow/dags/stock_pipeline_dag.py for tasks to queue
[2026-04-24T17:10:25.660+0000] {logging_mixin.py:188} INFO - [2026-04-24T17:10:25.659+0000] {dagbag.py:540} INFO - Filling up the DagBag from /opt/airflow/dags/stock_pipeline_dag.py
[2026-04-24T17:10:25.699+0000] {processor.py:840} INFO - DAG(s) 'stock_pipeline' retrieved from /opt/airflow/dags/stock_pipeline_dag.py
[2026-04-24T17:10:25.731+0000] {logging_mixin.py:188} INFO - [2026-04-24T17:10:25.731+0000] {dag.py:3096} INFO - Sync 1 DAGs
[2026-04-24T17:10:25.754+0000] {logging_mixin.py:188} INFO - [2026-04-24T17:10:25.754+0000] {dag.py:3954} INFO - Setting next_dagrun for stock_pipeline to 2026-04-24 06:00:00+00:00, run_after=2026-04-27 06:00:00+00:00
[2026-04-24T17:10:25.780+0000] {processor.py:183} INFO - Processing /opt/airflow/dags/stock_pipeline_dag.py took 0.131 seconds
[2026-04-24T17:10:56.097+0000] {processor.py:161} INFO - Started process (PID=2904) to work on /opt/airflow/dags/stock_pipeline_dag.py
[2026-04-24T17:10:56.098+0000] {processor.py:830} INFO - Processing file /opt/airflow/dags/stock_pipeline_dag.py for tasks to queue
[2026-04-24T17:10:56.100+0000] {logging_mixin.py:188} INFO - [2026-04-24T17:10:56.100+0000] {dagbag.py:540} INFO - Filling up the DagBag from /opt/airflow/dags/stock_pipeline_dag.py
[2026-04-24T17:10:56.140+0000] {processor.py:840} INFO - DAG(s) 'stock_pipeline' retrieved from /opt/airflow/dags/stock_pipeline_dag.py
[2026-04-24T17:10:56.173+0000] {logging_mixin.py:188} INFO - [2026-04-24T17:10:56.173+0000] {dag.py:3096} INFO - Sync 1 DAGs
[2026-04-24T17:10:56.197+0000] {logging_mixin.py:188} INFO - [2026-04-24T17:10:56.197+0000] {dag.py:3954} INFO - Setting next_dagrun for stock_pipeline to 2026-04-24 06:00:00+00:00, run_after=2026-04-27 06:00:00+00:00
[2026-04-24T17:10:56.219+0000] {processor.py:183} INFO - Processing /opt/airflow/dags/stock_pipeline_dag.py took 0.127 seconds
[2026-04-24T17:11:26.501+0000] {processor.py:161} INFO - Started process (PID=2909) to work on /opt/airflow/dags/stock_pipeline_dag.py
[2026-04-24T17:11:26.502+0000] {processor.py:830} INFO - Processing file /opt/airflow/dags/stock_pipeline_dag.py for tasks to queue
[2026-04-24T17:11:26.505+0000] {logging_mixin.py:188} INFO - [2026-04-24T17:11:26.504+0000] {dagbag.py:540} INFO - Filling up the DagBag from /opt/airflow/dags/stock_pipeline_dag.py
[2026-04-24T17:11:26.544+0000] {processor.py:840} INFO - DAG(s) 'stock_pipeline' retrieved from /opt/airflow/dags/stock_pipeline_dag.py
[2026-04-24T17:11:26.573+0000] {logging_mixin.py:188} INFO - [2026-04-24T17:11:26.573+0000] {dag.py:3096} INFO - Sync 1 DAGs
[2026-04-24T17:11:26.598+0000] {logging_mixin.py:188} INFO - [2026-04-24T17:11:26.598+0000] {dag.py:3954} INFO - Setting next_dagrun for stock_pipeline to 2026-04-24 06:00:00+00:00, run_after=2026-04-27 06:00:00+00:00
[2026-04-24T17:11:26.622+0000] {processor.py:183} INFO - Processing /opt/airflow/dags/stock_pipeline_dag.py took 0.126 seconds
[2026-04-24T17:11:56.931+0000] {processor.py:161} INFO - Started process (PID=2914) to work on /opt/airflow/dags/stock_pipeline_dag.py
[2026-04-24T17:11:56.933+0000] {processor.py:830} INFO - Processing file /opt/airflow/dags/stock_pipeline_dag.py for tasks to queue
[2026-04-24T17:11:56.937+0000] {logging_mixin.py:188} INFO - [2026-04-24T17:11:56.936+0000] {dagbag.py:540} INFO - Filling up the DagBag from /opt/airflow/dags/stock_pipeline_dag.py
[2026-04-24T17:11:56.969+0000] {processor.py:840} INFO - DAG(s) 'stock_pipeline' retrieved from /opt/airflow/dags/stock_pipeline_dag.py
[2026-04-24T17:11:56.998+0000] {logging_mixin.py:188} INFO - [2026-04-24T17:11:56.997+0000] {dag.py:3096} INFO - Sync 1 DAGs
[2026-04-24T17:11:57.019+0000] {logging_mixin.py:188} INFO - [2026-04-24T17:11:57.019+0000] {dag.py:3954} INFO - Setting next_dagrun for stock_pipeline to 2026-04-24 06:00:00+00:00, run_after=2026-04-27 06:00:00+00:00
[2026-04-24T17:11:57.036+0000] {processor.py:183} INFO - Processing /opt/airflow/dags/stock_pipeline_dag.py took 0.113 seconds
[2026-04-24T17:12:27.340+0000] {processor.py:161} INFO - Started process (PID=2919) to work on /opt/airflow/dags/stock_pipeline_dag.py
[2026-04-24T17:12:27.341+0000] {processor.py:830} INFO - Processing file /opt/airflow/dags/stock_pipeline_dag.py for tasks to queue
[2026-04-24T17:12:27.343+0000] {logging_mixin.py:188} INFO - [2026-04-24T17:12:27.342+0000] {dagbag.py:540} INFO - Filling up the DagBag from /opt/airflow/dags/stock_pipeline_dag.py
[2026-04-24T17:12:27.372+0000] {processor.py:840} INFO - DAG(s) 'stock_pipeline' retrieved from /opt/airflow/dags/stock_pipeline_dag.py
[2026-04-24T17:12:27.400+0000] {logging_mixin.py:188} INFO - [2026-04-24T17:12:27.400+0000] {dag.py:3096} INFO - Sync 1 DAGs
[2026-04-24T17:12:27.435+0000] {logging_mixin.py:188} INFO - [2026-04-24T17:12:27.434+0000] {dag.py:3954} INFO - Setting next_dagrun for stock_pipeline to 2026-04-24 06:00:00+00:00, run_after=2026-04-27 06:00:00+00:00
[2026-04-24T17:12:27.464+0000] {processor.py:183} INFO - Processing /opt/airflow/dags/stock_pipeline_dag.py took 0.129 seconds
[2026-04-24T17:12:57.689+0000] {processor.py:161} INFO - Started process (PID=2924) to work on /opt/airflow/dags/stock_pipeline_dag.py
[2026-04-24T17:12:57.690+0000] {processor.py:830} INFO - Processing file /opt/airflow/dags/stock_pipeline_dag.py for tasks to queue
[2026-04-24T17:12:57.692+0000] {logging_mixin.py:188} INFO - [2026-04-24T17:12:57.691+0000] {dagbag.py:540} INFO - Filling up the DagBag from /opt/airflow/dags/stock_pipeline_dag.py
[2026-04-24T17:12:57.727+0000] {processor.py:840} INFO - DAG(s) 'stock_pipeline' retrieved from /opt/airflow/dags/stock_pipeline_dag.py
[2026-04-24T17:12:57.766+0000] {logging_mixin.py:188} INFO - [2026-04-24T17:12:57.765+0000] {dag.py:3096} INFO - Sync 1 DAGs
[2026-04-24T17:12:57.792+0000] {logging_mixin.py:188} INFO - [2026-04-24T17:12:57.792+0000] {dag.py:3954} INFO - Setting next_dagrun for stock_pipeline to 2026-04-24 06:00:00+00:00, run_after=2026-04-27 06:00:00+00:00
[2026-04-24T17:12:57.816+0000] {processor.py:183} INFO - Processing /opt/airflow/dags/stock_pipeline_dag.py took 0.132 seconds
[2026-04-24T17:13:28.161+0000] {processor.py:161} INFO - Started process (PID=2929) to work on /opt/airflow/dags/stock_pipeline_dag.py
[2026-04-24T17:13:28.163+0000] {processor.py:830} INFO - Processing file /opt/airflow/dags/stock_pipeline_dag.py for tasks to queue
[2026-04-24T17:13:28.166+0000] {logging_mixin.py:188} INFO - [2026-04-24T17:13:28.165+0000] {dagbag.py:540} INFO - Filling up the DagBag from /opt/airflow/dags/stock_pipeline_dag.py
[2026-04-24T17:13:28.212+0000] {processor.py:840} INFO - DAG(s) 'stock_pipeline' retrieved from /opt/airflow/dags/stock_pipeline_dag.py
[2026-04-24T17:13:28.243+0000] {logging_mixin.py:188} INFO - [2026-04-24T17:13:28.243+0000] {dag.py:3096} INFO - Sync 1 DAGs
[2026-04-24T17:13:28.268+0000] {logging_mixin.py:188} INFO - [2026-04-24T17:13:28.268+0000] {dag.py:3954} INFO - Setting next_dagrun for stock_pipeline to 2026-04-24 06:00:00+00:00, run_after=2026-04-27 06:00:00+00:00
[2026-04-24T17:13:28.292+0000] {processor.py:183} INFO - Processing /opt/airflow/dags/stock_pipeline_dag.py took 0.137 seconds
[2026-04-24T17:13:58.506+0000] {processor.py:161} INFO - Started process (PID=2934) to work on /opt/airflow/dags/stock_pipeline_dag.py
[2026-04-24T17:13:58.508+0000] {processor.py:830} INFO - Processing file /opt/airflow/dags/stock_pipeline_dag.py for tasks to queue
[2026-04-24T17:13:58.510+0000] {logging_mixin.py:188} INFO - [2026-04-24T17:13:58.509+0000] {dagbag.py:540} INFO - Filling up the DagBag from /opt/airflow/dags/stock_pipeline_dag.py
[2026-04-24T17:13:58.541+0000] {processor.py:840} INFO - DAG(s) 'stock_pipeline' retrieved from /opt/airflow/dags/stock_pipeline_dag.py
[2026-04-24T17:13:58.571+0000] {logging_mixin.py:188} INFO - [2026-04-24T17:13:58.571+0000] {dag.py:3096} INFO - Sync 1 DAGs
[2026-04-24T17:13:58.594+0000] {logging_mixin.py:188} INFO - [2026-04-24T17:13:58.593+0000] {dag.py:3954} INFO - Setting next_dagrun for stock_pipeline to 2026-04-24 06:00:00+00:00, run_after=2026-04-27 06:00:00+00:00
[2026-04-24T17:13:58.620+0000] {processor.py:183} INFO - Processing /opt/airflow/dags/stock_pipeline_dag.py took 0.119 seconds
[2026-04-24T17:14:28.964+0000] {processor.py:161} INFO - Started process (PID=2939) to work on /opt/airflow/dags/stock_pipeline_dag.py
[2026-04-24T17:14:28.965+0000] {processor.py:830} INFO - Processing file /opt/airflow/dags/stock_pipeline_dag.py for tasks to queue
[2026-04-24T17:14:28.967+0000] {logging_mixin.py:188} INFO - [2026-04-24T17:14:28.966+0000] {dagbag.py:540} INFO - Filling up the DagBag from /opt/airflow/dags/stock_pipeline_dag.py
[2026-04-24T17:14:29.019+0000] {processor.py:840} INFO - DAG(s) 'stock_pipeline' retrieved from /opt/airflow/dags/stock_pipeline_dag.py
[2026-04-24T17:14:29.053+0000] {logging_mixin.py:188} INFO - [2026-04-24T17:14:29.052+0000] {dag.py:3096} INFO - Sync 1 DAGs
[2026-04-24T17:14:29.081+0000] {logging_mixin.py:188} INFO - [2026-04-24T17:14:29.081+0000] {dag.py:3954} INFO - Setting next_dagrun for stock_pipeline to 2026-04-24 06:00:00+00:00, run_after=2026-04-27 06:00:00+00:00
[2026-04-24T17:14:29.121+0000] {processor.py:183} INFO - Processing /opt/airflow/dags/stock_pipeline_dag.py took 0.163 seconds
[2026-04-24T17:14:59.336+0000] {processor.py:161} INFO - Started process (PID=2944) to work on /opt/airflow/dags/stock_pipeline_dag.py
[2026-04-24T17:14:59.337+0000] {processor.py:830} INFO - Processing file /opt/airflow/dags/stock_pipeline_dag.py for tasks to queue
[2026-04-24T17:14:59.339+0000] {logging_mixin.py:188} INFO - [2026-04-24T17:14:59.339+0000] {dagbag.py:540} INFO - Filling up the DagBag from /opt/airflow/dags/stock_pipeline_dag.py
[2026-04-24T17:14:59.386+0000] {processor.py:840} INFO - DAG(s) 'stock_pipeline' retrieved from /opt/airflow/dags/stock_pipeline_dag.py
[2026-04-24T17:14:59.424+0000] {logging_mixin.py:188} INFO - [2026-04-24T17:14:59.424+0000] {dag.py:3096} INFO - Sync 1 DAGs
[2026-04-24T17:14:59.458+0000] {logging_mixin.py:188} INFO - [2026-04-24T17:14:59.458+0000] {dag.py:3954} INFO - Setting next_dagrun for stock_pipeline to 2026-04-24 06:00:00+00:00, run_after=2026-04-27 06:00:00+00:00
[2026-04-24T17:14:59.485+0000] {processor.py:183} INFO - Processing /opt/airflow/dags/stock_pipeline_dag.py took 0.154 seconds
[2026-04-24T17:15:29.796+0000] {processor.py:161} INFO - Started process (PID=2949) to work on /opt/airflow/dags/stock_pipeline_dag.py
[2026-04-24T17:15:29.798+0000] {processor.py:830} INFO - Processing file /opt/airflow/dags/stock_pipeline_dag.py for tasks to queue
[2026-04-24T17:15:29.799+0000] {logging_mixin.py:188} INFO - [2026-04-24T17:15:29.799+0000] {dagbag.py:540} INFO - Filling up the DagBag from /opt/airflow/dags/stock_pipeline_dag.py
[2026-04-24T17:15:29.831+0000] {processor.py:840} INFO - DAG(s) 'stock_pipeline' retrieved from /opt/airflow/dags/stock_pipeline_dag.py
[2026-04-24T17:15:29.862+0000] {logging_mixin.py:188} INFO - [2026-04-24T17:15:29.862+0000] {dag.py:3096} INFO - Sync 1 DAGs
[2026-04-24T17:15:29.889+0000] {logging_mixin.py:188} INFO - [2026-04-24T17:15:29.889+0000] {dag.py:3954} INFO - Setting next_dagrun for stock_pipeline to 2026-04-24 06:00:00+00:00, run_after=2026-04-27 06:00:00+00:00
[2026-04-24T17:15:29.911+0000] {processor.py:183} INFO - Processing /opt/airflow/dags/stock_pipeline_dag.py took 0.122 seconds
[2026-04-24T17:16:00.139+0000] {processor.py:161} INFO - Started process (PID=2954) to work on /opt/airflow/dags/stock_pipeline_dag.py
[2026-04-24T17:16:00.140+0000] {processor.py:830} INFO - Processing file /opt/airflow/dags/stock_pipeline_dag.py for tasks to queue
[2026-04-24T17:16:00.143+0000] {logging_mixin.py:188} INFO - [2026-04-24T17:16:00.142+0000] {dagbag.py:540} INFO - Filling up the DagBag from /opt/airflow/dags/stock_pipeline_dag.py
[2026-04-24T17:16:00.181+0000] {processor.py:840} INFO - DAG(s) 'stock_pipeline' retrieved from /opt/airflow/dags/stock_pipeline_dag.py
[2026-04-24T17:16:00.214+0000] {logging_mixin.py:188} INFO - [2026-04-24T17:16:00.214+0000] {dag.py:3096} INFO - Sync 1 DAGs
[2026-04-24T17:16:00.245+0000] {logging_mixin.py:188} INFO - [2026-04-24T17:16:00.245+0000] {dag.py:3954} INFO - Setting next_dagrun for stock_pipeline to 2026-04-24 06:00:00+00:00, run_after=2026-04-27 06:00:00+00:00
[2026-04-24T17:16:00.272+0000] {processor.py:183} INFO - Processing /opt/airflow/dags/stock_pipeline_dag.py took 0.139 seconds
[2026-04-24T17:16:30.575+0000] {processor.py:161} INFO - Started process (PID=2959) to work on /opt/airflow/dags/stock_pipeline_dag.py
[2026-04-24T17:16:30.577+0000] {processor.py:830} INFO - Processing file /opt/airflow/dags/stock_pipeline_dag.py for tasks to queue
[2026-04-24T17:16:30.579+0000] {logging_mixin.py:188} INFO - [2026-04-24T17:16:30.579+0000] {dagbag.py:540} INFO - Filling up the DagBag from /opt/airflow/dags/stock_pipeline_dag.py
[2026-04-24T17:16:30.608+0000] {processor.py:840} INFO - DAG(s) 'stock_pipeline' retrieved from /opt/airflow/dags/stock_pipeline_dag.py
[2026-04-24T17:16:30.634+0000] {logging_mixin.py:188} INFO - [2026-04-24T17:16:30.634+0000] {dag.py:3096} INFO - Sync 1 DAGs
[2026-04-24T17:16:30.658+0000] {logging_mixin.py:188} INFO - [2026-04-24T17:16:30.658+0000] {dag.py:3954} INFO - Setting next_dagrun for stock_pipeline to 2026-04-24 06:00:00+00:00, run_after=2026-04-27 06:00:00+00:00
[2026-04-24T17:16:30.680+0000] {processor.py:183} INFO - Processing /opt/airflow/dags/stock_pipeline_dag.py took 0.114 seconds
[2026-04-24T17:17:00.962+0000] {processor.py:161} INFO - Started process (PID=2964) to work on /opt/airflow/dags/stock_pipeline_dag.py
[2026-04-24T17:17:00.963+0000] {processor.py:830} INFO - Processing file /opt/airflow/dags/stock_pipeline_dag.py for tasks to queue
[2026-04-24T17:17:00.964+0000] {logging_mixin.py:188} INFO - [2026-04-24T17:17:00.964+0000] {dagbag.py:540} INFO - Filling up the DagBag from /opt/airflow/dags/stock_pipeline_dag.py
[2026-04-24T17:17:00.996+0000] {processor.py:840} INFO - DAG(s) 'stock_pipeline' retrieved from /opt/airflow/dags/stock_pipeline_dag.py
[2026-04-24T17:17:01.024+0000] {logging_mixin.py:188} INFO - [2026-04-24T17:17:01.024+0000] {dag.py:3096} INFO - Sync 1 DAGs
[2026-04-24T17:17:01.047+0000] {logging_mixin.py:188} INFO - [2026-04-24T17:17:01.047+0000] {dag.py:3954} INFO - Setting next_dagrun for stock_pipeline to 2026-04-24 06:00:00+00:00, run_after=2026-04-27 06:00:00+00:00
[2026-04-24T17:17:01.071+0000] {processor.py:183} INFO - Processing /opt/airflow/dags/stock_pipeline_dag.py took 0.114 seconds
[2026-04-24T17:17:31.471+0000] {processor.py:161} INFO - Started process (PID=2969) to work on /opt/airflow/dags/stock_pipeline_dag.py
[2026-04-24T17:17:31.473+0000] {processor.py:830} INFO - Processing file /opt/airflow/dags/stock_pipeline_dag.py for tasks to queue
[2026-04-24T17:17:31.475+0000] {logging_mixin.py:188} INFO - [2026-04-24T17:17:31.475+0000] {dagbag.py:540} INFO - Filling up the DagBag from /opt/airflow/dags/stock_pipeline_dag.py
[2026-04-24T17:17:31.517+0000] {processor.py:840} INFO - DAG(s) 'stock_pipeline' retrieved from /opt/airflow/dags/stock_pipeline_dag.py
[2026-04-24T17:17:31.546+0000] {logging_mixin.py:188} INFO - [2026-04-24T17:17:31.545+0000] {dag.py:3096} INFO - Sync 1 DAGs
[2026-04-24T17:17:31.571+0000] {logging_mixin.py:188} INFO - [2026-04-24T17:17:31.571+0000] {dag.py:3954} INFO - Setting next_dagrun for stock_pipeline to 2026-04-24 06:00:00+00:00, run_after=2026-04-27 06:00:00+00:00
[2026-04-24T17:17:31.596+0000] {processor.py:183} INFO - Processing /opt/airflow/dags/stock_pipeline_dag.py took 0.130 seconds
[2026-04-24T17:18:01.799+0000] {processor.py:161} INFO - Started process (PID=2974) to work on /opt/airflow/dags/stock_pipeline_dag.py
[2026-04-24T17:18:01.800+0000] {processor.py:830} INFO - Processing file /opt/airflow/dags/stock_pipeline_dag.py for tasks to queue
[2026-04-24T17:18:01.803+0000] {logging_mixin.py:188} INFO - [2026-04-24T17:18:01.803+0000] {dagbag.py:540} INFO - Filling up the DagBag from /opt/airflow/dags/stock_pipeline_dag.py
[2026-04-24T17:18:01.840+0000] {processor.py:840} INFO - DAG(s) 'stock_pipeline' retrieved from /opt/airflow/dags/stock_pipeline_dag.py
[2026-04-24T17:18:01.867+0000] {logging_mixin.py:188} INFO - [2026-04-24T17:18:01.867+0000] {dag.py:3096} INFO - Sync 1 DAGs
[2026-04-24T17:18:01.899+0000] {logging_mixin.py:188} INFO - [2026-04-24T17:18:01.899+0000] {dag.py:3954} INFO - Setting next_dagrun for stock_pipeline to 2026-04-24 06:00:00+00:00, run_after=2026-04-27 06:00:00+00:00
[2026-04-24T17:18:01.929+0000] {processor.py:183} INFO - Processing /opt/airflow/dags/stock_pipeline_dag.py took 0.136 seconds
[2026-04-24T17:18:32.253+0000] {processor.py:161} INFO - Started process (PID=2979) to work on /opt/airflow/dags/stock_pipeline_dag.py
[2026-04-24T17:18:32.256+0000] {processor.py:830} INFO - Processing file /opt/airflow/dags/stock_pipeline_dag.py for tasks to queue
[2026-04-24T17:18:32.259+0000] {logging_mixin.py:188} INFO - [2026-04-24T17:18:32.259+0000] {dagbag.py:540} INFO - Filling up the DagBag from /opt/airflow/dags/stock_pipeline_dag.py
[2026-04-24T17:18:32.293+0000] {processor.py:840} INFO - DAG(s) 'stock_pipeline' retrieved from /opt/airflow/dags/stock_pipeline_dag.py
[2026-04-24T17:18:32.321+0000] {logging_mixin.py:188} INFO - [2026-04-24T17:18:32.321+0000] {dag.py:3096} INFO - Sync 1 DAGs
[2026-04-24T17:18:32.346+0000] {logging_mixin.py:188} INFO - [2026-04-24T17:18:32.346+0000] {dag.py:3954} INFO - Setting next_dagrun for stock_pipeline to 2026-04-24 06:00:00+00:00, run_after=2026-04-27 06:00:00+00:00
[2026-04-24T17:18:32.369+0000] {processor.py:183} INFO - Processing /opt/airflow/dags/stock_pipeline_dag.py took 0.124 seconds
[2026-04-24T17:19:02.676+0000] {processor.py:161} INFO - Started process (PID=2984) to work on /opt/airflow/dags/stock_pipeline_dag.py
[2026-04-24T17:19:02.677+0000] {processor.py:830} INFO - Processing file /opt/airflow/dags/stock_pipeline_dag.py for tasks to queue
[2026-04-24T17:19:02.682+0000] {logging_mixin.py:188} INFO - [2026-04-24T17:19:02.682+0000] {dagbag.py:540} INFO - Filling up the DagBag from /opt/airflow/dags/stock_pipeline_dag.py
[2026-04-24T17:19:02.720+0000] {processor.py:840} INFO - DAG(s) 'stock_pipeline' retrieved from /opt/airflow/dags/stock_pipeline_dag.py
[2026-04-24T17:19:02.756+0000] {logging_mixin.py:188} INFO - [2026-04-24T17:19:02.756+0000] {dag.py:3096} INFO - Sync 1 DAGs
[2026-04-24T17:19:02.782+0000] {logging_mixin.py:188} INFO - [2026-04-24T17:19:02.782+0000] {dag.py:3954} INFO - Setting next_dagrun for stock_pipeline to 2026-04-24 06:00:00+00:00, run_after=2026-04-27 06:00:00+00:00
[2026-04-24T17:19:02.805+0000] {processor.py:183} INFO - Processing /opt/airflow/dags/stock_pipeline_dag.py took 0.137 seconds
[2026-04-24T17:19:33.153+0000] {processor.py:161} INFO - Started process (PID=2989) to work on /opt/airflow/dags/stock_pipeline_dag.py
[2026-04-24T17:19:33.154+0000] {processor.py:830} INFO - Processing file /opt/airflow/dags/stock_pipeline_dag.py for tasks to queue
[2026-04-24T17:19:33.156+0000] {logging_mixin.py:188} INFO - [2026-04-24T17:19:33.156+0000] {dagbag.py:540} INFO - Filling up the DagBag from /opt/airflow/dags/stock_pipeline_dag.py
[2026-04-24T17:19:33.205+0000] {processor.py:840} INFO - DAG(s) 'stock_pipeline' retrieved from /opt/airflow/dags/stock_pipeline_dag.py
[2026-04-24T17:19:33.233+0000] {logging_mixin.py:188} INFO - [2026-04-24T17:19:33.233+0000] {dag.py:3096} INFO - Sync 1 DAGs
[2026-04-24T17:19:33.255+0000] {logging_mixin.py:188} INFO - [2026-04-24T17:19:33.254+0000] {dag.py:3954} INFO - Setting next_dagrun for stock_pipeline to 2026-04-24 06:00:00+00:00, run_after=2026-04-27 06:00:00+00:00
[2026-04-24T17:19:33.277+0000] {processor.py:183} INFO - Processing /opt/airflow/dags/stock_pipeline_dag.py took 0.140 seconds
[2026-04-24T17:20:03.565+0000] {processor.py:161} INFO - Started process (PID=2994) to work on /opt/airflow/dags/stock_pipeline_dag.py
[2026-04-24T17:20:03.566+0000] {processor.py:830} INFO - Processing file /opt/airflow/dags/stock_pipeline_dag.py for tasks to queue
[2026-04-24T17:20:03.568+0000] {logging_mixin.py:188} INFO - [2026-04-24T17:20:03.567+0000] {dagbag.py:540} INFO - Filling up the DagBag from /opt/airflow/dags/stock_pipeline_dag.py
[2026-04-24T17:20:03.605+0000] {processor.py:840} INFO - DAG(s) 'stock_pipeline' retrieved from /opt/airflow/dags/stock_pipeline_dag.py
[2026-04-24T17:20:03.636+0000] {logging_mixin.py:188} INFO - [2026-04-24T17:20:03.636+0000] {dag.py:3096} INFO - Sync 1 DAGs
[2026-04-24T17:20:03.663+0000] {logging_mixin.py:188} INFO - [2026-04-24T17:20:03.663+0000] {dag.py:3954} INFO - Setting next_dagrun for stock_pipeline to 2026-04-24 06:00:00+00:00, run_after=2026-04-27 06:00:00+00:00
[2026-04-24T17:20:03.690+0000] {processor.py:183} INFO - Processing /opt/airflow/dags/stock_pipeline_dag.py took 0.131 seconds
[2026-04-24T17:20:34.066+0000] {processor.py:161} INFO - Started process (PID=2999) to work on /opt/airflow/dags/stock_pipeline_dag.py
[2026-04-24T17:20:34.067+0000] {processor.py:830} INFO - Processing file /opt/airflow/dags/stock_pipeline_dag.py for tasks to queue
[2026-04-24T17:20:34.069+0000] {logging_mixin.py:188} INFO - [2026-04-24T17:20:34.068+0000] {dagbag.py:540} INFO - Filling up the DagBag from /opt/airflow/dags/stock_pipeline_dag.py
[2026-04-24T17:20:34.109+0000] {processor.py:840} INFO - DAG(s) 'stock_pipeline' retrieved from /opt/airflow/dags/stock_pipeline_dag.py
[2026-04-24T17:20:34.140+0000] {logging_mixin.py:188} INFO - [2026-04-24T17:20:34.140+0000] {dag.py:3096} INFO - Sync 1 DAGs
[2026-04-24T17:20:34.166+0000] {logging_mixin.py:188} INFO - [2026-04-24T17:20:34.165+0000] {dag.py:3954} INFO - Setting next_dagrun for stock_pipeline to 2026-04-24 06:00:00+00:00, run_after=2026-04-27 06:00:00+00:00
[2026-04-24T17:20:34.188+0000] {processor.py:183} INFO - Processing /opt/airflow/dags/stock_pipeline_dag.py took 0.129 seconds
[2026-04-24T17:21:04.467+0000] {processor.py:161} INFO - Started process (PID=3004) to work on /opt/airflow/dags/stock_pipeline_dag.py
[2026-04-24T17:21:04.468+0000] {processor.py:830} INFO - Processing file /opt/airflow/dags/stock_pipeline_dag.py for tasks to queue
[2026-04-24T17:21:04.471+0000] {logging_mixin.py:188} INFO - [2026-04-24T17:21:04.470+0000] {dagbag.py:540} INFO - Filling up the DagBag from /opt/airflow/dags/stock_pipeline_dag.py
[2026-04-24T17:21:04.506+0000] {processor.py:840} INFO - DAG(s) 'stock_pipeline' retrieved from /opt/airflow/dags/stock_pipeline_dag.py
[2026-04-24T17:21:04.534+0000] {logging_mixin.py:188} INFO - [2026-04-24T17:21:04.534+0000] {dag.py:3096} INFO - Sync 1 DAGs
[2026-04-24T17:21:04.557+0000] {logging_mixin.py:188} INFO - [2026-04-24T17:21:04.557+0000] {dag.py:3954} INFO - Setting next_dagrun for stock_pipeline to 2026-04-24 06:00:00+00:00, run_after=2026-04-27 06:00:00+00:00
[2026-04-24T17:21:04.582+0000] {processor.py:183} INFO - Processing /opt/airflow/dags/stock_pipeline_dag.py took 0.121 seconds
[2026-04-24T17:21:34.853+0000] {processor.py:161} INFO - Started process (PID=3009) to work on /opt/airflow/dags/stock_pipeline_dag.py
[2026-04-24T17:21:34.854+0000] {processor.py:830} INFO - Processing file /opt/airflow/dags/stock_pipeline_dag.py for tasks to queue
[2026-04-24T17:21:34.856+0000] {logging_mixin.py:188} INFO - [2026-04-24T17:21:34.856+0000] {dagbag.py:540} INFO - Filling up the DagBag from /opt/airflow/dags/stock_pipeline_dag.py
[2026-04-24T17:21:34.892+0000] {processor.py:840} INFO - DAG(s) 'stock_pipeline' retrieved from /opt/airflow/dags/stock_pipeline_dag.py
[2026-04-24T17:21:34.929+0000] {logging_mixin.py:188} INFO - [2026-04-24T17:21:34.929+0000] {dag.py:3096} INFO - Sync 1 DAGs
[2026-04-24T17:21:34.956+0000] {logging_mixin.py:188} INFO - [2026-04-24T17:21:34.956+0000] {dag.py:3954} INFO - Setting next_dagrun for stock_pipeline to 2026-04-24 06:00:00+00:00, run_after=2026-04-27 06:00:00+00:00
[2026-04-24T17:21:34.980+0000] {processor.py:183} INFO - Processing /opt/airflow/dags/stock_pipeline_dag.py took 0.132 seconds
[2026-04-24T17:22:05.317+0000] {processor.py:161} INFO - Started process (PID=3014) to work on /opt/airflow/dags/stock_pipeline_dag.py
[2026-04-24T17:22:05.319+0000] {processor.py:830} INFO - Processing file /opt/airflow/dags/stock_pipeline_dag.py for tasks to queue
[2026-04-24T17:22:05.321+0000] {logging_mixin.py:188} INFO - [2026-04-24T17:22:05.321+0000] {dagbag.py:540} INFO - Filling up the DagBag from /opt/airflow/dags/stock_pipeline_dag.py
[2026-04-24T17:22:05.363+0000] {processor.py:840} INFO - DAG(s) 'stock_pipeline' retrieved from /opt/airflow/dags/stock_pipeline_dag.py
[2026-04-24T17:22:05.390+0000] {logging_mixin.py:188} INFO - [2026-04-24T17:22:05.390+0000] {dag.py:3096} INFO - Sync 1 DAGs
[2026-04-24T17:22:05.414+0000] {logging_mixin.py:188} INFO - [2026-04-24T17:22:05.413+0000] {dag.py:3954} INFO - Setting next_dagrun for stock_pipeline to 2026-04-24 06:00:00+00:00, run_after=2026-04-27 06:00:00+00:00
[2026-04-24T17:22:05.439+0000] {processor.py:183} INFO - Processing /opt/airflow/dags/stock_pipeline_dag.py took 0.127 seconds
[2026-04-24T17:22:35.713+0000] {processor.py:161} INFO - Started process (PID=3019) to work on /opt/airflow/dags/stock_pipeline_dag.py
[2026-04-24T17:22:35.714+0000] {processor.py:830} INFO - Processing file /opt/airflow/dags/stock_pipeline_dag.py for tasks to queue
[2026-04-24T17:22:35.717+0000] {logging_mixin.py:188} INFO - [2026-04-24T17:22:35.717+0000] {dagbag.py:540} INFO - Filling up the DagBag from /opt/airflow/dags/stock_pipeline_dag.py
[2026-04-24T17:22:35.763+0000] {processor.py:840} INFO - DAG(s) 'stock_pipeline' retrieved from /opt/airflow/dags/stock_pipeline_dag.py
[2026-04-24T17:22:35.801+0000] {logging_mixin.py:188} INFO - [2026-04-24T17:22:35.801+0000] {dag.py:3096} INFO - Sync 1 DAGs
[2026-04-24T17:22:35.847+0000] {logging_mixin.py:188} INFO - [2026-04-24T17:22:35.846+0000] {dag.py:3954} INFO - Setting next_dagrun for stock_pipeline to 2026-04-24 06:00:00+00:00, run_after=2026-04-27 06:00:00+00:00
[2026-04-24T17:22:35.882+0000] {processor.py:183} INFO - Processing /opt/airflow/dags/stock_pipeline_dag.py took 0.182 seconds
[2026-04-24T17:23:06.147+0000] {processor.py:161} INFO - Started process (PID=3024) to work on /opt/airflow/dags/stock_pipeline_dag.py
[2026-04-24T17:23:06.148+0000] {processor.py:830} INFO - Processing file /opt/airflow/dags/stock_pipeline_dag.py for tasks to queue
[2026-04-24T17:23:06.151+0000] {logging_mixin.py:188} INFO - [2026-04-24T17:23:06.151+0000] {dagbag.py:540} INFO - Filling up the DagBag from /opt/airflow/dags/stock_pipeline_dag.py
[2026-04-24T17:23:06.189+0000] {processor.py:840} INFO - DAG(s) 'stock_pipeline' retrieved from /opt/airflow/dags/stock_pipeline_dag.py
[2026-04-24T17:23:06.219+0000] {logging_mixin.py:188} INFO - [2026-04-24T17:23:06.219+0000] {dag.py:3096} INFO - Sync 1 DAGs
[2026-04-24T17:23:06.245+0000] {logging_mixin.py:188} INFO - [2026-04-24T17:23:06.244+0000] {dag.py:3954} INFO - Setting next_dagrun for stock_pipeline to 2026-04-24 06:00:00+00:00, run_after=2026-04-27 06:00:00+00:00
[2026-04-24T17:23:06.268+0000] {processor.py:183} INFO - Processing /opt/airflow/dags/stock_pipeline_dag.py took 0.127 seconds
[2026-04-24T17:23:36.606+0000] {processor.py:161} INFO - Started process (PID=3029) to work on /opt/airflow/dags/stock_pipeline_dag.py
[2026-04-24T17:23:36.607+0000] {processor.py:830} INFO - Processing file /opt/airflow/dags/stock_pipeline_dag.py for tasks to queue
[2026-04-24T17:23:36.610+0000] {logging_mixin.py:188} INFO - [2026-04-24T17:23:36.609+0000] {dagbag.py:540} INFO - Filling up the DagBag from /opt/airflow/dags/stock_pipeline_dag.py
[2026-04-24T17:23:36.643+0000] {processor.py:840} INFO - DAG(s) 'stock_pipeline' retrieved from /opt/airflow/dags/stock_pipeline_dag.py
[2026-04-24T17:23:36.678+0000] {logging_mixin.py:188} INFO - [2026-04-24T17:23:36.678+0000] {dag.py:3096} INFO - Sync 1 DAGs
[2026-04-24T17:23:36.712+0000] {logging_mixin.py:188} INFO - [2026-04-24T17:23:36.712+0000] {dag.py:3954} INFO - Setting next_dagrun for stock_pipeline to 2026-04-24 06:00:00+00:00, run_after=2026-04-27 06:00:00+00:00
[2026-04-24T17:23:36.744+0000] {processor.py:183} INFO - Processing /opt/airflow/dags/stock_pipeline_dag.py took 0.144 seconds
[2026-04-24T17:24:06.988+0000] {processor.py:161} INFO - Started process (PID=3034) to work on /opt/airflow/dags/stock_pipeline_dag.py
[2026-04-24T17:24:06.989+0000] {processor.py:830} INFO - Processing file /opt/airflow/dags/stock_pipeline_dag.py for tasks to queue
[2026-04-24T17:24:06.991+0000] {logging_mixin.py:188} INFO - [2026-04-24T17:24:06.991+0000] {dagbag.py:540} INFO - Filling up the DagBag from /opt/airflow/dags/stock_pipeline_dag.py
[2026-04-24T17:24:07.032+0000] {processor.py:840} INFO - DAG(s) 'stock_pipeline' retrieved from /opt/airflow/dags/stock_pipeline_dag.py
[2026-04-24T17:24:07.074+0000] {logging_mixin.py:188} INFO - [2026-04-24T17:24:07.074+0000] {dag.py:3096} INFO - Sync 1 DAGs
[2026-04-24T17:24:07.104+0000] {logging_mixin.py:188} INFO - [2026-04-24T17:24:07.104+0000] {dag.py:3954} INFO - Setting next_dagrun for stock_pipeline to 2026-04-24 06:00:00+00:00, run_after=2026-04-27 06:00:00+00:00
[2026-04-24T17:24:07.128+0000] {processor.py:183} INFO - Processing /opt/airflow/dags/stock_pipeline_dag.py took 0.145 seconds
[2026-04-24T17:24:37.474+0000] {processor.py:161} INFO - Started process (PID=3039) to work on /opt/airflow/dags/stock_pipeline_dag.py
[2026-04-24T17:24:37.475+0000] {processor.py:830} INFO - Processing file /opt/airflow/dags/stock_pipeline_dag.py for tasks to queue
[2026-04-24T17:24:37.477+0000] {logging_mixin.py:188} INFO - [2026-04-24T17:24:37.477+0000] {dagbag.py:540} INFO - Filling up the DagBag from /opt/airflow/dags/stock_pipeline_dag.py
[2026-04-24T17:24:37.515+0000] {processor.py:840} INFO - DAG(s) 'stock_pipeline' retrieved from /opt/airflow/dags/stock_pipeline_dag.py
[2026-04-24T17:24:37.544+0000] {logging_mixin.py:188} INFO - [2026-04-24T17:24:37.544+0000] {dag.py:3096} INFO - Sync 1 DAGs
[2026-04-24T17:24:37.569+0000] {logging_mixin.py:188} INFO - [2026-04-24T17:24:37.569+0000] {dag.py:3954} INFO - Setting next_dagrun for stock_pipeline to 2026-04-24 06:00:00+00:00, run_after=2026-04-27 06:00:00+00:00
[2026-04-24T17:24:37.592+0000] {processor.py:183} INFO - Processing /opt/airflow/dags/stock_pipeline_dag.py took 0.123 seconds
[2026-04-24T17:25:07.909+0000] {processor.py:161} INFO - Started process (PID=3044) to work on /opt/airflow/dags/stock_pipeline_dag.py
[2026-04-24T17:25:07.910+0000] {processor.py:830} INFO - Processing file /opt/airflow/dags/stock_pipeline_dag.py for tasks to queue
[2026-04-24T17:25:07.915+0000] {logging_mixin.py:188} INFO - [2026-04-24T17:25:07.914+0000] {dagbag.py:540} INFO - Filling up the DagBag from /opt/airflow/dags/stock_pipeline_dag.py
[2026-04-24T17:25:07.957+0000] {processor.py:840} INFO - DAG(s) 'stock_pipeline' retrieved from /opt/airflow/dags/stock_pipeline_dag.py
[2026-04-24T17:25:07.989+0000] {logging_mixin.py:188} INFO - [2026-04-24T17:25:07.989+0000] {dag.py:3096} INFO - Sync 1 DAGs
[2026-04-24T17:25:08.016+0000] {logging_mixin.py:188} INFO - [2026-04-24T17:25:08.015+0000] {dag.py:3954} INFO - Setting next_dagrun for stock_pipeline to 2026-04-24 06:00:00+00:00, run_after=2026-04-27 06:00:00+00:00
[2026-04-24T17:25:08.044+0000] {processor.py:183} INFO - Processing /opt/airflow/dags/stock_pipeline_dag.py took 0.147 seconds
[2026-04-24T17:25:38.298+0000] {processor.py:161} INFO - Started process (PID=3049) to work on /opt/airflow/dags/stock_pipeline_dag.py
[2026-04-24T17:25:38.299+0000] {processor.py:830} INFO - Processing file /opt/airflow/dags/stock_pipeline_dag.py for tasks to queue
[2026-04-24T17:25:38.302+0000] {logging_mixin.py:188} INFO - [2026-04-24T17:25:38.301+0000] {dagbag.py:540} INFO - Filling up the DagBag from /opt/airflow/dags/stock_pipeline_dag.py
[2026-04-24T17:25:38.339+0000] {processor.py:840} INFO - DAG(s) 'stock_pipeline' retrieved from /opt/airflow/dags/stock_pipeline_dag.py
[2026-04-24T17:25:38.374+0000] {logging_mixin.py:188} INFO - [2026-04-24T17:25:38.374+0000] {dag.py:3096} INFO - Sync 1 DAGs
[2026-04-24T17:25:38.399+0000] {logging_mixin.py:188} INFO - [2026-04-24T17:25:38.399+0000] {dag.py:3954} INFO - Setting next_dagrun for stock_pipeline to 2026-04-24 06:00:00+00:00, run_after=2026-04-27 06:00:00+00:00
[2026-04-24T17:25:38.423+0000] {processor.py:183} INFO - Processing /opt/airflow/dags/stock_pipeline_dag.py took 0.131 seconds
[2026-04-24T17:26:08.745+0000] {processor.py:161} INFO - Started process (PID=3054) to work on /opt/airflow/dags/stock_pipeline_dag.py
[2026-04-24T17:26:08.746+0000] {processor.py:830} INFO - Processing file /opt/airflow/dags/stock_pipeline_dag.py for tasks to queue
[2026-04-24T17:26:08.748+0000] {logging_mixin.py:188} INFO - [2026-04-24T17:26:08.748+0000] {dagbag.py:540} INFO - Filling up the DagBag from /opt/airflow/dags/stock_pipeline_dag.py
[2026-04-24T17:26:08.810+0000] {processor.py:840} INFO - DAG(s) 'stock_pipeline' retrieved from /opt/airflow/dags/stock_pipeline_dag.py
[2026-04-24T17:26:08.841+0000] {logging_mixin.py:188} INFO - [2026-04-24T17:26:08.841+0000] {dag.py:3096} INFO - Sync 1 DAGs
[2026-04-24T17:26:08.868+0000] {logging_mixin.py:188} INFO - [2026-04-24T17:26:08.868+0000] {dag.py:3954} INFO - Setting next_dagrun for stock_pipeline to 2026-04-24 06:00:00+00:00, run_after=2026-04-27 06:00:00+00:00
[2026-04-24T17:26:08.894+0000] {processor.py:183} INFO - Processing /opt/airflow/dags/stock_pipeline_dag.py took 0.156 seconds
[2026-04-24T17:26:39.124+0000] {processor.py:161} INFO - Started process (PID=3059) to work on /opt/airflow/dags/stock_pipeline_dag.py
[2026-04-24T17:26:39.125+0000] {processor.py:830} INFO - Processing file /opt/airflow/dags/stock_pipeline_dag.py for tasks to queue
[2026-04-24T17:26:39.127+0000] {logging_mixin.py:188} INFO - [2026-04-24T17:26:39.127+0000] {dagbag.py:540} INFO - Filling up the DagBag from /opt/airflow/dags/stock_pipeline_dag.py
[2026-04-24T17:26:39.174+0000] {processor.py:840} INFO - DAG(s) 'stock_pipeline' retrieved from /opt/airflow/dags/stock_pipeline_dag.py
[2026-04-24T17:26:39.214+0000] {logging_mixin.py:188} INFO - [2026-04-24T17:26:39.214+0000] {dag.py:3096} INFO - Sync 1 DAGs
[2026-04-24T17:26:39.243+0000] {logging_mixin.py:188} INFO - [2026-04-24T17:26:39.242+0000] {dag.py:3954} INFO - Setting next_dagrun for stock_pipeline to 2026-04-24 06:00:00+00:00, run_after=2026-04-27 06:00:00+00:00
[2026-04-24T17:26:39.267+0000] {processor.py:183} INFO - Processing /opt/airflow/dags/stock_pipeline_dag.py took 0.149 seconds
[2026-04-24T17:27:09.631+0000] {processor.py:161} INFO - Started process (PID=3064) to work on /opt/airflow/dags/stock_pipeline_dag.py
[2026-04-24T17:27:09.632+0000] {processor.py:830} INFO - Processing file /opt/airflow/dags/stock_pipeline_dag.py for tasks to queue
[2026-04-24T17:27:09.634+0000] {logging_mixin.py:188} INFO - [2026-04-24T17:27:09.634+0000] {dagbag.py:540} INFO - Filling up the DagBag from /opt/airflow/dags/stock_pipeline_dag.py
[2026-04-24T17:27:09.695+0000] {processor.py:840} INFO - DAG(s) 'stock_pipeline' retrieved from /opt/airflow/dags/stock_pipeline_dag.py
[2026-04-24T17:27:09.727+0000] {logging_mixin.py:188} INFO - [2026-04-24T17:27:09.726+0000] {dag.py:3096} INFO - Sync 1 DAGs
[2026-04-24T17:27:09.752+0000] {logging_mixin.py:188} INFO - [2026-04-24T17:27:09.751+0000] {dag.py:3954} INFO - Setting next_dagrun for stock_pipeline to 2026-04-24 06:00:00+00:00, run_after=2026-04-27 06:00:00+00:00
[2026-04-24T17:27:09.775+0000] {processor.py:183} INFO - Processing /opt/airflow/dags/stock_pipeline_dag.py took 0.152 seconds
[2026-04-24T17:27:40.114+0000] {processor.py:161} INFO - Started process (PID=3069) to work on /opt/airflow/dags/stock_pipeline_dag.py
[2026-04-24T17:27:40.116+0000] {processor.py:830} INFO - Processing file /opt/airflow/dags/stock_pipeline_dag.py for tasks to queue
[2026-04-24T17:27:40.118+0000] {logging_mixin.py:188} INFO - [2026-04-24T17:27:40.117+0000] {dagbag.py:540} INFO - Filling up the DagBag from /opt/airflow/dags/stock_pipeline_dag.py
[2026-04-24T17:27:40.160+0000] {processor.py:840} INFO - DAG(s) 'stock_pipeline' retrieved from /opt/airflow/dags/stock_pipeline_dag.py
[2026-04-24T17:27:40.189+0000] {logging_mixin.py:188} INFO - [2026-04-24T17:27:40.188+0000] {dag.py:3096} INFO - Sync 1 DAGs
[2026-04-24T17:27:40.215+0000] {logging_mixin.py:188} INFO - [2026-04-24T17:27:40.215+0000] {dag.py:3954} INFO - Setting next_dagrun for stock_pipeline to 2026-04-24 06:00:00+00:00, run_after=2026-04-27 06:00:00+00:00
[2026-04-24T17:27:40.242+0000] {processor.py:183} INFO - Processing /opt/airflow/dags/stock_pipeline_dag.py took 0.139 seconds
[2026-04-24T17:28:10.480+0000] {processor.py:161} INFO - Started process (PID=3074) to work on /opt/airflow/dags/stock_pipeline_dag.py
[2026-04-24T17:28:10.481+0000] {processor.py:830} INFO - Processing file /opt/airflow/dags/stock_pipeline_dag.py for tasks to queue
[2026-04-24T17:28:10.483+0000] {logging_mixin.py:188} INFO - [2026-04-24T17:28:10.483+0000] {dagbag.py:540} INFO - Filling up the DagBag from /opt/airflow/dags/stock_pipeline_dag.py
[2026-04-24T17:28:10.517+0000] {processor.py:840} INFO - DAG(s) 'stock_pipeline' retrieved from /opt/airflow/dags/stock_pipeline_dag.py
[2026-04-24T17:28:10.550+0000] {logging_mixin.py:188} INFO - [2026-04-24T17:28:10.549+0000] {dag.py:3096} INFO - Sync 1 DAGs
[2026-04-24T17:28:10.586+0000] {logging_mixin.py:188} INFO - [2026-04-24T17:28:10.585+0000] {dag.py:3954} INFO - Setting next_dagrun for stock_pipeline to 2026-04-24 06:00:00+00:00, run_after=2026-04-27 06:00:00+00:00
[2026-04-24T17:28:10.610+0000] {processor.py:183} INFO - Processing /opt/airflow/dags/stock_pipeline_dag.py took 0.137 seconds
[2026-04-24T17:28:40.920+0000] {processor.py:161} INFO - Started process (PID=3079) to work on /opt/airflow/dags/stock_pipeline_dag.py
[2026-04-24T17:28:40.922+0000] {processor.py:830} INFO - Processing file /opt/airflow/dags/stock_pipeline_dag.py for tasks to queue
[2026-04-24T17:28:40.924+0000] {logging_mixin.py:188} INFO - [2026-04-24T17:28:40.924+0000] {dagbag.py:540} INFO - Filling up the DagBag from /opt/airflow/dags/stock_pipeline_dag.py
[2026-04-24T17:28:40.967+0000] {processor.py:840} INFO - DAG(s) 'stock_pipeline' retrieved from /opt/airflow/dags/stock_pipeline_dag.py
[2026-04-24T17:28:41.003+0000] {logging_mixin.py:188} INFO - [2026-04-24T17:28:41.003+0000] {dag.py:3096} INFO - Sync 1 DAGs
[2026-04-24T17:28:41.037+0000] {logging_mixin.py:188} INFO - [2026-04-24T17:28:41.037+0000] {dag.py:3954} INFO - Setting next_dagrun for stock_pipeline to 2026-04-24 06:00:00+00:00, run_after=2026-04-27 06:00:00+00:00
[2026-04-24T17:28:41.071+0000] {processor.py:183} INFO - Processing /opt/airflow/dags/stock_pipeline_dag.py took 0.159 seconds
[2026-04-24T17:29:11.322+0000] {processor.py:161} INFO - Started process (PID=3084) to work on /opt/airflow/dags/stock_pipeline_dag.py
[2026-04-24T17:29:11.322+0000] {processor.py:830} INFO - Processing file /opt/airflow/dags/stock_pipeline_dag.py for tasks to queue
[2026-04-24T17:29:11.324+0000] {logging_mixin.py:188} INFO - [2026-04-24T17:29:11.324+0000] {dagbag.py:540} INFO - Filling up the DagBag from /opt/airflow/dags/stock_pipeline_dag.py
[2026-04-24T17:29:11.362+0000] {processor.py:840} INFO - DAG(s) 'stock_pipeline' retrieved from /opt/airflow/dags/stock_pipeline_dag.py
[2026-04-24T17:29:11.398+0000] {logging_mixin.py:188} INFO - [2026-04-24T17:29:11.398+0000] {dag.py:3096} INFO - Sync 1 DAGs
[2026-04-24T17:29:11.426+0000] {logging_mixin.py:188} INFO - [2026-04-24T17:29:11.426+0000] {dag.py:3954} INFO - Setting next_dagrun for stock_pipeline to 2026-04-24 06:00:00+00:00, run_after=2026-04-27 06:00:00+00:00
[2026-04-24T17:29:11.453+0000] {processor.py:183} INFO - Processing /opt/airflow/dags/stock_pipeline_dag.py took 0.139 seconds
[2026-04-24T17:29:41.720+0000] {processor.py:161} INFO - Started process (PID=3089) to work on /opt/airflow/dags/stock_pipeline_dag.py
[2026-04-24T17:29:41.721+0000] {processor.py:830} INFO - Processing file /opt/airflow/dags/stock_pipeline_dag.py for tasks to queue
[2026-04-24T17:29:41.723+0000] {logging_mixin.py:188} INFO - [2026-04-24T17:29:41.723+0000] {dagbag.py:540} INFO - Filling up the DagBag from /opt/airflow/dags/stock_pipeline_dag.py
[2026-04-24T17:29:41.758+0000] {processor.py:840} INFO - DAG(s) 'stock_pipeline' retrieved from /opt/airflow/dags/stock_pipeline_dag.py
[2026-04-24T17:29:41.794+0000] {logging_mixin.py:188} INFO - [2026-04-24T17:29:41.793+0000] {dag.py:3096} INFO - Sync 1 DAGs
[2026-04-24T17:29:41.824+0000] {logging_mixin.py:188} INFO - [2026-04-24T17:29:41.824+0000] {dag.py:3954} INFO - Setting next_dagrun for stock_pipeline to 2026-04-24 06:00:00+00:00, run_after=2026-04-27 06:00:00+00:00
[2026-04-24T17:29:41.851+0000] {processor.py:183} INFO - Processing /opt/airflow/dags/stock_pipeline_dag.py took 0.137 seconds
[2026-04-24T17:30:12.097+0000] {processor.py:161} INFO - Started process (PID=3094) to work on /opt/airflow/dags/stock_pipeline_dag.py
[2026-04-24T17:30:12.099+0000] {processor.py:830} INFO - Processing file /opt/airflow/dags/stock_pipeline_dag.py for tasks to queue
[2026-04-24T17:30:12.103+0000] {logging_mixin.py:188} INFO - [2026-04-24T17:30:12.102+0000] {dagbag.py:540} INFO - Filling up the DagBag from /opt/airflow/dags/stock_pipeline_dag.py
[2026-04-24T17:30:12.151+0000] {processor.py:840} INFO - DAG(s) 'stock_pipeline' retrieved from /opt/airflow/dags/stock_pipeline_dag.py
[2026-04-24T17:30:12.193+0000] {logging_mixin.py:188} INFO - [2026-04-24T17:30:12.193+0000] {dag.py:3096} INFO - Sync 1 DAGs
[2026-04-24T17:30:12.232+0000] {logging_mixin.py:188} INFO - [2026-04-24T17:30:12.232+0000] {dag.py:3954} INFO - Setting next_dagrun for stock_pipeline to 2026-04-24 06:00:00+00:00, run_after=2026-04-27 06:00:00+00:00
[2026-04-24T17:30:12.269+0000] {processor.py:183} INFO - Processing /opt/airflow/dags/stock_pipeline_dag.py took 0.183 seconds
[2026-04-24T17:30:42.512+0000] {processor.py:161} INFO - Started process (PID=3099) to work on /opt/airflow/dags/stock_pipeline_dag.py
[2026-04-24T17:30:42.513+0000] {processor.py:830} INFO - Processing file /opt/airflow/dags/stock_pipeline_dag.py for tasks to queue
[2026-04-24T17:30:42.516+0000] {logging_mixin.py:188} INFO - [2026-04-24T17:30:42.515+0000] {dagbag.py:540} INFO - Filling up the DagBag from /opt/airflow/dags/stock_pipeline_dag.py
[2026-04-24T17:30:42.564+0000] {processor.py:840} INFO - DAG(s) 'stock_pipeline' retrieved from /opt/airflow/dags/stock_pipeline_dag.py
[2026-04-24T17:30:42.597+0000] {logging_mixin.py:188} INFO - [2026-04-24T17:30:42.596+0000] {dag.py:3096} INFO - Sync 1 DAGs
[2026-04-24T17:30:42.622+0000] {logging_mixin.py:188} INFO - [2026-04-24T17:30:42.622+0000] {dag.py:3954} INFO - Setting next_dagrun for stock_pipeline to 2026-04-24 06:00:00+00:00, run_after=2026-04-27 06:00:00+00:00
[2026-04-24T17:30:42.646+0000] {processor.py:183} INFO - Processing /opt/airflow/dags/stock_pipeline_dag.py took 0.140 seconds
[2026-04-24T17:31:13.012+0000] {processor.py:161} INFO - Started process (PID=3104) to work on /opt/airflow/dags/stock_pipeline_dag.py
[2026-04-24T17:31:13.013+0000] {processor.py:830} INFO - Processing file /opt/airflow/dags/stock_pipeline_dag.py for tasks to queue
[2026-04-24T17:31:13.015+0000] {logging_mixin.py:188} INFO - [2026-04-24T17:31:13.015+0000] {dagbag.py:540} INFO - Filling up the DagBag from /opt/airflow/dags/stock_pipeline_dag.py
[2026-04-24T17:31:13.068+0000] {processor.py:840} INFO - DAG(s) 'stock_pipeline' retrieved from /opt/airflow/dags/stock_pipeline_dag.py
[2026-04-24T17:31:13.098+0000] {logging_mixin.py:188} INFO - [2026-04-24T17:31:13.098+0000] {dag.py:3096} INFO - Sync 1 DAGs
[2026-04-24T17:31:13.122+0000] {logging_mixin.py:188} INFO - [2026-04-24T17:31:13.122+0000] {dag.py:3954} INFO - Setting next_dagrun for stock_pipeline to 2026-04-24 06:00:00+00:00, run_after=2026-04-27 06:00:00+00:00
[2026-04-24T17:31:13.145+0000] {processor.py:183} INFO - Processing /opt/airflow/dags/stock_pipeline_dag.py took 0.140 seconds
[2026-04-24T17:31:43.383+0000] {processor.py:161} INFO - Started process (PID=3109) to work on /opt/airflow/dags/stock_pipeline_dag.py
[2026-04-24T17:31:43.384+0000] {processor.py:830} INFO - Processing file /opt/airflow/dags/stock_pipeline_dag.py for tasks to queue
[2026-04-24T17:31:43.386+0000] {logging_mixin.py:188} INFO - [2026-04-24T17:31:43.386+0000] {dagbag.py:540} INFO - Filling up the DagBag from /opt/airflow/dags/stock_pipeline_dag.py
[2026-04-24T17:31:43.420+0000] {processor.py:840} INFO - DAG(s) 'stock_pipeline' retrieved from /opt/airflow/dags/stock_pipeline_dag.py
[2026-04-24T17:31:43.451+0000] {logging_mixin.py:188} INFO - [2026-04-24T17:31:43.451+0000] {dag.py:3096} INFO - Sync 1 DAGs
[2026-04-24T17:31:43.479+0000] {logging_mixin.py:188} INFO - [2026-04-24T17:31:43.478+0000] {dag.py:3954} INFO - Setting next_dagrun for stock_pipeline to 2026-04-24 06:00:00+00:00, run_after=2026-04-27 06:00:00+00:00
[2026-04-24T17:31:43.509+0000] {processor.py:183} INFO - Processing /opt/airflow/dags/stock_pipeline_dag.py took 0.132 seconds
[2026-04-24T17:32:13.958+0000] {processor.py:161} INFO - Started process (PID=3114) to work on /opt/airflow/dags/stock_pipeline_dag.py
[2026-04-24T17:32:13.959+0000] {processor.py:830} INFO - Processing file /opt/airflow/dags/stock_pipeline_dag.py for tasks to queue
[2026-04-24T17:32:13.962+0000] {logging_mixin.py:188} INFO - [2026-04-24T17:32:13.961+0000] {dagbag.py:540} INFO - Filling up the DagBag from /opt/airflow/dags/stock_pipeline_dag.py
[2026-04-24T17:32:14.015+0000] {processor.py:840} INFO - DAG(s) 'stock_pipeline' retrieved from /opt/airflow/dags/stock_pipeline_dag.py
[2026-04-24T17:32:14.045+0000] {logging_mixin.py:188} INFO - [2026-04-24T17:32:14.045+0000] {dag.py:3096} INFO - Sync 1 DAGs
[2026-04-24T17:32:14.071+0000] {logging_mixin.py:188} INFO - [2026-04-24T17:32:14.071+0000] {dag.py:3954} INFO - Setting next_dagrun for stock_pipeline to 2026-04-24 06:00:00+00:00, run_after=2026-04-27 06:00:00+00:00
[2026-04-24T17:32:14.094+0000] {processor.py:183} INFO - Processing /opt/airflow/dags/stock_pipeline_dag.py took 0.145 seconds
[2026-04-24T17:32:44.385+0000] {processor.py:161} INFO - Started process (PID=3119) to work on /opt/airflow/dags/stock_pipeline_dag.py
[2026-04-24T17:32:44.386+0000] {processor.py:830} INFO - Processing file /opt/airflow/dags/stock_pipeline_dag.py for tasks to queue
[2026-04-24T17:32:44.389+0000] {logging_mixin.py:188} INFO - [2026-04-24T17:32:44.389+0000] {dagbag.py:540} INFO - Filling up the DagBag from /opt/airflow/dags/stock_pipeline_dag.py
[2026-04-24T17:32:44.426+0000] {processor.py:840} INFO - DAG(s) 'stock_pipeline' retrieved from /opt/airflow/dags/stock_pipeline_dag.py
[2026-04-24T17:32:44.454+0000] {logging_mixin.py:188} INFO - [2026-04-24T17:32:44.454+0000] {dag.py:3096} INFO - Sync 1 DAGs
[2026-04-24T17:32:44.480+0000] {logging_mixin.py:188} INFO - [2026-04-24T17:32:44.480+0000] {dag.py:3954} INFO - Setting next_dagrun for stock_pipeline to 2026-04-24 06:00:00+00:00, run_after=2026-04-27 06:00:00+00:00
[2026-04-24T17:32:44.506+0000] {processor.py:183} INFO - Processing /opt/airflow/dags/stock_pipeline_dag.py took 0.129 seconds
[2026-04-24T17:33:14.765+0000] {processor.py:161} INFO - Started process (PID=3124) to work on /opt/airflow/dags/stock_pipeline_dag.py
[2026-04-24T17:33:14.767+0000] {processor.py:830} INFO - Processing file /opt/airflow/dags/stock_pipeline_dag.py for tasks to queue
[2026-04-24T17:33:14.769+0000] {logging_mixin.py:188} INFO - [2026-04-24T17:33:14.769+0000] {dagbag.py:540} INFO - Filling up the DagBag from /opt/airflow/dags/stock_pipeline_dag.py
[2026-04-24T17:33:14.810+0000] {processor.py:840} INFO - DAG(s) 'stock_pipeline' retrieved from /opt/airflow/dags/stock_pipeline_dag.py
[2026-04-24T17:33:14.841+0000] {logging_mixin.py:188} INFO - [2026-04-24T17:33:14.841+0000] {dag.py:3096} INFO - Sync 1 DAGs
[2026-04-24T17:33:14.865+0000] {logging_mixin.py:188} INFO - [2026-04-24T17:33:14.865+0000] {dag.py:3954} INFO - Setting next_dagrun for stock_pipeline to 2026-04-24 06:00:00+00:00, run_after=2026-04-27 06:00:00+00:00
[2026-04-24T17:33:14.891+0000] {processor.py:183} INFO - Processing /opt/airflow/dags/stock_pipeline_dag.py took 0.134 seconds
[2026-04-24T17:33:45.213+0000] {processor.py:161} INFO - Started process (PID=3129) to work on /opt/airflow/dags/stock_pipeline_dag.py
[2026-04-24T17:33:45.214+0000] {processor.py:830} INFO - Processing file /opt/airflow/dags/stock_pipeline_dag.py for tasks to queue
[2026-04-24T17:33:45.216+0000] {logging_mixin.py:188} INFO - [2026-04-24T17:33:45.216+0000] {dagbag.py:540} INFO - Filling up the DagBag from /opt/airflow/dags/stock_pipeline_dag.py
[2026-04-24T17:33:45.275+0000] {processor.py:840} INFO - DAG(s) 'stock_pipeline' retrieved from /opt/airflow/dags/stock_pipeline_dag.py
[2026-04-24T17:33:45.308+0000] {logging_mixin.py:188} INFO - [2026-04-24T17:33:45.307+0000] {dag.py:3096} INFO - Sync 1 DAGs
[2026-04-24T17:33:45.333+0000] {logging_mixin.py:188} INFO - [2026-04-24T17:33:45.333+0000] {dag.py:3954} INFO - Setting next_dagrun for stock_pipeline to 2026-04-24 06:00:00+00:00, run_after=2026-04-27 06:00:00+00:00
[2026-04-24T17:33:45.358+0000] {processor.py:183} INFO - Processing /opt/airflow/dags/stock_pipeline_dag.py took 0.150 seconds
[2026-04-24T17:34:15.659+0000] {processor.py:161} INFO - Started process (PID=3134) to work on /opt/airflow/dags/stock_pipeline_dag.py
[2026-04-24T17:34:15.661+0000] {processor.py:830} INFO - Processing file /opt/airflow/dags/stock_pipeline_dag.py for tasks to queue
[2026-04-24T17:34:15.664+0000] {logging_mixin.py:188} INFO - [2026-04-24T17:34:15.663+0000] {dagbag.py:540} INFO - Filling up the DagBag from /opt/airflow/dags/stock_pipeline_dag.py
[2026-04-24T17:34:15.705+0000] {processor.py:840} INFO - DAG(s) 'stock_pipeline' retrieved from /opt/airflow/dags/stock_pipeline_dag.py
[2026-04-24T17:34:15.735+0000] {logging_mixin.py:188} INFO - [2026-04-24T17:34:15.734+0000] {dag.py:3096} INFO - Sync 1 DAGs
[2026-04-24T17:34:15.760+0000] {logging_mixin.py:188} INFO - [2026-04-24T17:34:15.759+0000] {dag.py:3954} INFO - Setting next_dagrun for stock_pipeline to 2026-04-24 06:00:00+00:00, run_after=2026-04-27 06:00:00+00:00
[2026-04-24T17:34:15.783+0000] {processor.py:183} INFO - Processing /opt/airflow/dags/stock_pipeline_dag.py took 0.132 seconds
[2026-04-24T17:34:46.171+0000] {processor.py:161} INFO - Started process (PID=3139) to work on /opt/airflow/dags/stock_pipeline_dag.py
[2026-04-24T17:34:46.172+0000] {processor.py:830} INFO - Processing file /opt/airflow/dags/stock_pipeline_dag.py for tasks to queue
[2026-04-24T17:34:46.175+0000] {logging_mixin.py:188} INFO - [2026-04-24T17:34:46.174+0000] {dagbag.py:540} INFO - Filling up the DagBag from /opt/airflow/dags/stock_pipeline_dag.py
[2026-04-24T17:34:46.216+0000] {processor.py:840} INFO - DAG(s) 'stock_pipeline' retrieved from /opt/airflow/dags/stock_pipeline_dag.py
[2026-04-24T17:34:46.255+0000] {logging_mixin.py:188} INFO - [2026-04-24T17:34:46.255+0000] {dag.py:3096} INFO - Sync 1 DAGs
[2026-04-24T17:34:46.291+0000] {logging_mixin.py:188} INFO - [2026-04-24T17:34:46.291+0000] {dag.py:3954} INFO - Setting next_dagrun for stock_pipeline to 2026-04-24 06:00:00+00:00, run_after=2026-04-27 06:00:00+00:00
[2026-04-24T17:34:46.321+0000] {processor.py:183} INFO - Processing /opt/airflow/dags/stock_pipeline_dag.py took 0.157 seconds
[2026-04-24T17:35:16.560+0000] {processor.py:161} INFO - Started process (PID=3144) to work on /opt/airflow/dags/stock_pipeline_dag.py
[2026-04-24T17:35:16.561+0000] {processor.py:830} INFO - Processing file /opt/airflow/dags/stock_pipeline_dag.py for tasks to queue
[2026-04-24T17:35:16.564+0000] {logging_mixin.py:188} INFO - [2026-04-24T17:35:16.563+0000] {dagbag.py:540} INFO - Filling up the DagBag from /opt/airflow/dags/stock_pipeline_dag.py
[2026-04-24T17:35:16.600+0000] {processor.py:840} INFO - DAG(s) 'stock_pipeline' retrieved from /opt/airflow/dags/stock_pipeline_dag.py
[2026-04-24T17:35:16.630+0000] {logging_mixin.py:188} INFO - [2026-04-24T17:35:16.630+0000] {dag.py:3096} INFO - Sync 1 DAGs
[2026-04-24T17:35:16.656+0000] {logging_mixin.py:188} INFO - [2026-04-24T17:35:16.656+0000] {dag.py:3954} INFO - Setting next_dagrun for stock_pipeline to 2026-04-24 06:00:00+00:00, run_after=2026-04-27 06:00:00+00:00
[2026-04-24T17:35:16.686+0000] {processor.py:183} INFO - Processing /opt/airflow/dags/stock_pipeline_dag.py took 0.132 seconds
[2026-04-24T17:35:47.048+0000] {processor.py:161} INFO - Started process (PID=3149) to work on /opt/airflow/dags/stock_pipeline_dag.py
[2026-04-24T17:35:47.050+0000] {processor.py:830} INFO - Processing file /opt/airflow/dags/stock_pipeline_dag.py for tasks to queue
[2026-04-24T17:35:47.052+0000] {logging_mixin.py:188} INFO - [2026-04-24T17:35:47.051+0000] {dagbag.py:540} INFO - Filling up the DagBag from /opt/airflow/dags/stock_pipeline_dag.py
[2026-04-24T17:35:47.098+0000] {processor.py:840} INFO - DAG(s) 'stock_pipeline' retrieved from /opt/airflow/dags/stock_pipeline_dag.py
[2026-04-24T17:35:47.130+0000] {logging_mixin.py:188} INFO - [2026-04-24T17:35:47.130+0000] {dag.py:3096} INFO - Sync 1 DAGs
[2026-04-24T17:35:47.173+0000] {logging_mixin.py:188} INFO - [2026-04-24T17:35:47.172+0000] {dag.py:3954} INFO - Setting next_dagrun for stock_pipeline to 2026-04-24 06:00:00+00:00, run_after=2026-04-27 06:00:00+00:00
[2026-04-24T17:35:47.214+0000] {processor.py:183} INFO - Processing /opt/airflow/dags/stock_pipeline_dag.py took 0.171 seconds
[2026-04-24T17:36:17.399+0000] {processor.py:161} INFO - Started process (PID=3154) to work on /opt/airflow/dags/stock_pipeline_dag.py
[2026-04-24T17:36:17.400+0000] {processor.py:830} INFO - Processing file /opt/airflow/dags/stock_pipeline_dag.py for tasks to queue
[2026-04-24T17:36:17.403+0000] {logging_mixin.py:188} INFO - [2026-04-24T17:36:17.403+0000] {dagbag.py:540} INFO - Filling up the DagBag from /opt/airflow/dags/stock_pipeline_dag.py
[2026-04-24T17:36:17.449+0000] {processor.py:840} INFO - DAG(s) 'stock_pipeline' retrieved from /opt/airflow/dags/stock_pipeline_dag.py
[2026-04-24T17:36:17.483+0000] {logging_mixin.py:188} INFO - [2026-04-24T17:36:17.482+0000] {dag.py:3096} INFO - Sync 1 DAGs
[2026-04-24T17:36:17.513+0000] {logging_mixin.py:188} INFO - [2026-04-24T17:36:17.513+0000] {dag.py:3954} INFO - Setting next_dagrun for stock_pipeline to 2026-04-24 06:00:00+00:00, run_after=2026-04-27 06:00:00+00:00
[2026-04-24T17:36:17.535+0000] {processor.py:183} INFO - Processing /opt/airflow/dags/stock_pipeline_dag.py took 0.145 seconds
[2026-04-24T17:36:47.901+0000] {processor.py:161} INFO - Started process (PID=3159) to work on /opt/airflow/dags/stock_pipeline_dag.py
[2026-04-24T17:36:47.904+0000] {processor.py:830} INFO - Processing file /opt/airflow/dags/stock_pipeline_dag.py for tasks to queue
[2026-04-24T17:36:47.910+0000] {logging_mixin.py:188} INFO - [2026-04-24T17:36:47.909+0000] {dagbag.py:540} INFO - Filling up the DagBag from /opt/airflow/dags/stock_pipeline_dag.py
[2026-04-24T17:36:47.965+0000] {processor.py:840} INFO - DAG(s) 'stock_pipeline' retrieved from /opt/airflow/dags/stock_pipeline_dag.py
[2026-04-24T17:36:47.996+0000] {logging_mixin.py:188} INFO - [2026-04-24T17:36:47.996+0000] {dag.py:3096} INFO - Sync 1 DAGs
[2026-04-24T17:36:48.025+0000] {logging_mixin.py:188} INFO - [2026-04-24T17:36:48.024+0000] {dag.py:3954} INFO - Setting next_dagrun for stock_pipeline to 2026-04-24 06:00:00+00:00, run_after=2026-04-27 06:00:00+00:00
[2026-04-24T17:36:48.051+0000] {processor.py:183} INFO - Processing /opt/airflow/dags/stock_pipeline_dag.py took 0.159 seconds
[2026-04-24T17:37:18.347+0000] {processor.py:161} INFO - Started process (PID=3164) to work on /opt/airflow/dags/stock_pipeline_dag.py
[2026-04-24T17:37:18.348+0000] {processor.py:830} INFO - Processing file /opt/airflow/dags/stock_pipeline_dag.py for tasks to queue
[2026-04-24T17:37:18.350+0000] {logging_mixin.py:188} INFO - [2026-04-24T17:37:18.350+0000] {dagbag.py:540} INFO - Filling up the DagBag from /opt/airflow/dags/stock_pipeline_dag.py
[2026-04-24T17:37:18.397+0000] {processor.py:840} INFO - DAG(s) 'stock_pipeline' retrieved from /opt/airflow/dags/stock_pipeline_dag.py
[2026-04-24T17:37:18.426+0000] {logging_mixin.py:188} INFO - [2026-04-24T17:37:18.426+0000] {dag.py:3096} INFO - Sync 1 DAGs
[2026-04-24T17:37:18.454+0000] {logging_mixin.py:188} INFO - [2026-04-24T17:37:18.453+0000] {dag.py:3954} INFO - Setting next_dagrun for stock_pipeline to 2026-04-24 06:00:00+00:00, run_after=2026-04-27 06:00:00+00:00
[2026-04-24T17:37:18.481+0000] {processor.py:183} INFO - Processing /opt/airflow/dags/stock_pipeline_dag.py took 0.141 seconds
[2026-04-24T17:37:48.741+0000] {processor.py:161} INFO - Started process (PID=3169) to work on /opt/airflow/dags/stock_pipeline_dag.py
[2026-04-24T17:37:48.742+0000] {processor.py:830} INFO - Processing file /opt/airflow/dags/stock_pipeline_dag.py for tasks to queue
[2026-04-24T17:37:48.745+0000] {logging_mixin.py:188} INFO - [2026-04-24T17:37:48.745+0000] {dagbag.py:540} INFO - Filling up the DagBag from /opt/airflow/dags/stock_pipeline_dag.py
[2026-04-24T17:37:48.782+0000] {processor.py:840} INFO - DAG(s) 'stock_pipeline' retrieved from /opt/airflow/dags/stock_pipeline_dag.py
[2026-04-24T17:37:48.816+0000] {logging_mixin.py:188} INFO - [2026-04-24T17:37:48.816+0000] {dag.py:3096} INFO - Sync 1 DAGs
[2026-04-24T17:37:48.845+0000] {logging_mixin.py:188} INFO - [2026-04-24T17:37:48.845+0000] {dag.py:3954} INFO - Setting next_dagrun for stock_pipeline to 2026-04-24 06:00:00+00:00, run_after=2026-04-27 06:00:00+00:00
[2026-04-24T17:37:48.871+0000] {processor.py:183} INFO - Processing /opt/airflow/dags/stock_pipeline_dag.py took 0.137 seconds
[2026-04-24T17:38:19.179+0000] {processor.py:161} INFO - Started process (PID=3174) to work on /opt/airflow/dags/stock_pipeline_dag.py
[2026-04-24T17:38:19.181+0000] {processor.py:830} INFO - Processing file /opt/airflow/dags/stock_pipeline_dag.py for tasks to queue
[2026-04-24T17:38:19.185+0000] {logging_mixin.py:188} INFO - [2026-04-24T17:38:19.184+0000] {dagbag.py:540} INFO - Filling up the DagBag from /opt/airflow/dags/stock_pipeline_dag.py
[2026-04-24T17:38:19.229+0000] {processor.py:840} INFO - DAG(s) 'stock_pipeline' retrieved from /opt/airflow/dags/stock_pipeline_dag.py
[2026-04-24T17:38:19.269+0000] {logging_mixin.py:188} INFO - [2026-04-24T17:38:19.269+0000] {dag.py:3096} INFO - Sync 1 DAGs
[2026-04-24T17:38:19.300+0000] {logging_mixin.py:188} INFO - [2026-04-24T17:38:19.300+0000] {dag.py:3954} INFO - Setting next_dagrun for stock_pipeline to 2026-04-24 06:00:00+00:00, run_after=2026-04-27 06:00:00+00:00
[2026-04-24T17:38:19.328+0000] {processor.py:183} INFO - Processing /opt/airflow/dags/stock_pipeline_dag.py took 0.161 seconds
[2026-04-24T17:38:49.544+0000] {processor.py:161} INFO - Started process (PID=3179) to work on /opt/airflow/dags/stock_pipeline_dag.py
[2026-04-24T17:38:49.545+0000] {processor.py:830} INFO - Processing file /opt/airflow/dags/stock_pipeline_dag.py for tasks to queue
[2026-04-24T17:38:49.548+0000] {logging_mixin.py:188} INFO - [2026-04-24T17:38:49.548+0000] {dagbag.py:540} INFO - Filling up the DagBag from /opt/airflow/dags/stock_pipeline_dag.py
[2026-04-24T17:38:49.606+0000] {processor.py:840} INFO - DAG(s) 'stock_pipeline' retrieved from /opt/airflow/dags/stock_pipeline_dag.py
[2026-04-24T17:38:49.641+0000] {logging_mixin.py:188} INFO - [2026-04-24T17:38:49.640+0000] {dag.py:3096} INFO - Sync 1 DAGs
[2026-04-24T17:38:49.665+0000] {logging_mixin.py:188} INFO - [2026-04-24T17:38:49.665+0000] {dag.py:3954} INFO - Setting next_dagrun for stock_pipeline to 2026-04-24 06:00:00+00:00, run_after=2026-04-27 06:00:00+00:00
[2026-04-24T17:38:49.688+0000] {processor.py:183} INFO - Processing /opt/airflow/dags/stock_pipeline_dag.py took 0.150 seconds
[2026-04-24T17:39:20.069+0000] {processor.py:161} INFO - Started process (PID=3184) to work on /opt/airflow/dags/stock_pipeline_dag.py
[2026-04-24T17:39:20.070+0000] {processor.py:830} INFO - Processing file /opt/airflow/dags/stock_pipeline_dag.py for tasks to queue
[2026-04-24T17:39:20.073+0000] {logging_mixin.py:188} INFO - [2026-04-24T17:39:20.073+0000] {dagbag.py:540} INFO - Filling up the DagBag from /opt/airflow/dags/stock_pipeline_dag.py
[2026-04-24T17:39:20.108+0000] {processor.py:840} INFO - DAG(s) 'stock_pipeline' retrieved from /opt/airflow/dags/stock_pipeline_dag.py
[2026-04-24T17:39:20.144+0000] {logging_mixin.py:188} INFO - [2026-04-24T17:39:20.143+0000] {dag.py:3096} INFO - Sync 1 DAGs
[2026-04-24T17:39:20.170+0000] {logging_mixin.py:188} INFO - [2026-04-24T17:39:20.169+0000] {dag.py:3954} INFO - Setting next_dagrun for stock_pipeline to 2026-04-24 06:00:00+00:00, run_after=2026-04-27 06:00:00+00:00
[2026-04-24T17:39:20.192+0000] {processor.py:183} INFO - Processing /opt/airflow/dags/stock_pipeline_dag.py took 0.129 seconds
[2026-04-24T17:39:50.402+0000] {processor.py:161} INFO - Started process (PID=3189) to work on /opt/airflow/dags/stock_pipeline_dag.py
[2026-04-24T17:39:50.403+0000] {processor.py:830} INFO - Processing file /opt/airflow/dags/stock_pipeline_dag.py for tasks to queue
[2026-04-24T17:39:50.404+0000] {logging_mixin.py:188} INFO - [2026-04-24T17:39:50.404+0000] {dagbag.py:540} INFO - Filling up the DagBag from /opt/airflow/dags/stock_pipeline_dag.py
[2026-04-24T17:39:50.431+0000] {processor.py:840} INFO - DAG(s) 'stock_pipeline' retrieved from /opt/airflow/dags/stock_pipeline_dag.py
[2026-04-24T17:39:50.461+0000] {logging_mixin.py:188} INFO - [2026-04-24T17:39:50.461+0000] {dag.py:3096} INFO - Sync 1 DAGs
[2026-04-24T17:39:50.486+0000] {logging_mixin.py:188} INFO - [2026-04-24T17:39:50.486+0000] {dag.py:3954} INFO - Setting next_dagrun for stock_pipeline to 2026-04-24 06:00:00+00:00, run_after=2026-04-27 06:00:00+00:00
[2026-04-24T17:39:50.510+0000] {processor.py:183} INFO - Processing /opt/airflow/dags/stock_pipeline_dag.py took 0.115 seconds
[2026-04-24T17:40:20.909+0000] {processor.py:161} INFO - Started process (PID=3194) to work on /opt/airflow/dags/stock_pipeline_dag.py
[2026-04-24T17:40:20.910+0000] {processor.py:830} INFO - Processing file /opt/airflow/dags/stock_pipeline_dag.py for tasks to queue
[2026-04-24T17:40:20.912+0000] {logging_mixin.py:188} INFO - [2026-04-24T17:40:20.911+0000] {dagbag.py:540} INFO - Filling up the DagBag from /opt/airflow/dags/stock_pipeline_dag.py
[2026-04-24T17:40:20.946+0000] {processor.py:840} INFO - DAG(s) 'stock_pipeline' retrieved from /opt/airflow/dags/stock_pipeline_dag.py
[2026-04-24T17:40:20.969+0000] {logging_mixin.py:188} INFO - [2026-04-24T17:40:20.969+0000] {dag.py:3096} INFO - Sync 1 DAGs
[2026-04-24T17:40:20.994+0000] {logging_mixin.py:188} INFO - [2026-04-24T17:40:20.994+0000] {dag.py:3954} INFO - Setting next_dagrun for stock_pipeline to 2026-04-24 06:00:00+00:00, run_after=2026-04-27 06:00:00+00:00
[2026-04-24T17:40:21.016+0000] {processor.py:183} INFO - Processing /opt/airflow/dags/stock_pipeline_dag.py took 0.113 seconds
[2026-04-24T17:40:51.301+0000] {processor.py:161} INFO - Started process (PID=3199) to work on /opt/airflow/dags/stock_pipeline_dag.py
[2026-04-24T17:40:51.302+0000] {processor.py:830} INFO - Processing file /opt/airflow/dags/stock_pipeline_dag.py for tasks to queue
[2026-04-24T17:40:51.305+0000] {logging_mixin.py:188} INFO - [2026-04-24T17:40:51.305+0000] {dagbag.py:540} INFO - Filling up the DagBag from /opt/airflow/dags/stock_pipeline_dag.py
[2026-04-24T17:40:51.344+0000] {processor.py:840} INFO - DAG(s) 'stock_pipeline' retrieved from /opt/airflow/dags/stock_pipeline_dag.py
[2026-04-24T17:40:51.387+0000] {logging_mixin.py:188} INFO - [2026-04-24T17:40:51.386+0000] {dag.py:3096} INFO - Sync 1 DAGs
[2026-04-24T17:40:51.419+0000] {logging_mixin.py:188} INFO - [2026-04-24T17:40:51.418+0000] {dag.py:3954} INFO - Setting next_dagrun for stock_pipeline to 2026-04-24 06:00:00+00:00, run_after=2026-04-27 06:00:00+00:00
[2026-04-24T17:40:51.447+0000] {processor.py:183} INFO - Processing /opt/airflow/dags/stock_pipeline_dag.py took 0.152 seconds
[2026-04-24T17:41:21.707+0000] {processor.py:161} INFO - Started process (PID=3204) to work on /opt/airflow/dags/stock_pipeline_dag.py
[2026-04-24T17:41:21.709+0000] {processor.py:830} INFO - Processing file /opt/airflow/dags/stock_pipeline_dag.py for tasks to queue
[2026-04-24T17:41:21.711+0000] {logging_mixin.py:188} INFO - [2026-04-24T17:41:21.710+0000] {dagbag.py:540} INFO - Filling up the DagBag from /opt/airflow/dags/stock_pipeline_dag.py
[2026-04-24T17:41:21.748+0000] {processor.py:840} INFO - DAG(s) 'stock_pipeline' retrieved from /opt/airflow/dags/stock_pipeline_dag.py
[2026-04-24T17:41:21.777+0000] {logging_mixin.py:188} INFO - [2026-04-24T17:41:21.776+0000] {dag.py:3096} INFO - Sync 1 DAGs
[2026-04-24T17:41:21.803+0000] {logging_mixin.py:188} INFO - [2026-04-24T17:41:21.803+0000] {dag.py:3954} INFO - Setting next_dagrun for stock_pipeline to 2026-04-24 06:00:00+00:00, run_after=2026-04-27 06:00:00+00:00
[2026-04-24T17:41:21.823+0000] {processor.py:183} INFO - Processing /opt/airflow/dags/stock_pipeline_dag.py took 0.121 seconds
[2026-04-24T17:41:52.208+0000] {processor.py:161} INFO - Started process (PID=3209) to work on /opt/airflow/dags/stock_pipeline_dag.py
[2026-04-24T17:41:52.209+0000] {processor.py:830} INFO - Processing file /opt/airflow/dags/stock_pipeline_dag.py for tasks to queue
[2026-04-24T17:41:52.212+0000] {logging_mixin.py:188} INFO - [2026-04-24T17:41:52.211+0000] {dagbag.py:540} INFO - Filling up the DagBag from /opt/airflow/dags/stock_pipeline_dag.py
[2026-04-24T17:41:52.256+0000] {processor.py:840} INFO - DAG(s) 'stock_pipeline' retrieved from /opt/airflow/dags/stock_pipeline_dag.py
[2026-04-24T17:41:52.289+0000] {logging_mixin.py:188} INFO - [2026-04-24T17:41:52.289+0000] {dag.py:3096} INFO - Sync 1 DAGs
[2026-04-24T17:41:52.315+0000] {logging_mixin.py:188} INFO - [2026-04-24T17:41:52.315+0000] {dag.py:3954} INFO - Setting next_dagrun for stock_pipeline to 2026-04-24 06:00:00+00:00, run_after=2026-04-27 06:00:00+00:00
[2026-04-24T17:41:52.338+0000] {processor.py:183} INFO - Processing /opt/airflow/dags/stock_pipeline_dag.py took 0.136 seconds
[2026-04-24T17:42:22.616+0000] {processor.py:161} INFO - Started process (PID=3214) to work on /opt/airflow/dags/stock_pipeline_dag.py
[2026-04-24T17:42:22.617+0000] {processor.py:830} INFO - Processing file /opt/airflow/dags/stock_pipeline_dag.py for tasks to queue
[2026-04-24T17:42:22.620+0000] {logging_mixin.py:188} INFO - [2026-04-24T17:42:22.619+0000] {dagbag.py:540} INFO - Filling up the DagBag from /opt/airflow/dags/stock_pipeline_dag.py
[2026-04-24T17:42:22.654+0000] {processor.py:840} INFO - DAG(s) 'stock_pipeline' retrieved from /opt/airflow/dags/stock_pipeline_dag.py
[2026-04-24T17:42:22.687+0000] {logging_mixin.py:188} INFO - [2026-04-24T17:42:22.687+0000] {dag.py:3096} INFO - Sync 1 DAGs
[2026-04-24T17:42:22.716+0000] {logging_mixin.py:188} INFO - [2026-04-24T17:42:22.716+0000] {dag.py:3954} INFO - Setting next_dagrun for stock_pipeline to 2026-04-24 06:00:00+00:00, run_after=2026-04-27 06:00:00+00:00
[2026-04-24T17:42:22.741+0000] {processor.py:183} INFO - Processing /opt/airflow/dags/stock_pipeline_dag.py took 0.130 seconds
[2026-04-24T17:42:53.051+0000] {processor.py:161} INFO - Started process (PID=3219) to work on /opt/airflow/dags/stock_pipeline_dag.py
[2026-04-24T17:42:53.053+0000] {processor.py:830} INFO - Processing file /opt/airflow/dags/stock_pipeline_dag.py for tasks to queue
[2026-04-24T17:42:53.056+0000] {logging_mixin.py:188} INFO - [2026-04-24T17:42:53.055+0000] {dagbag.py:540} INFO - Filling up the DagBag from /opt/airflow/dags/stock_pipeline_dag.py
[2026-04-24T17:42:53.108+0000] {processor.py:840} INFO - DAG(s) 'stock_pipeline' retrieved from /opt/airflow/dags/stock_pipeline_dag.py
[2026-04-24T17:42:53.139+0000] {logging_mixin.py:188} INFO - [2026-04-24T17:42:53.139+0000] {dag.py:3096} INFO - Sync 1 DAGs
[2026-04-24T17:42:53.162+0000] {logging_mixin.py:188} INFO - [2026-04-24T17:42:53.162+0000] {dag.py:3954} INFO - Setting next_dagrun for stock_pipeline to 2026-04-24 06:00:00+00:00, run_after=2026-04-27 06:00:00+00:00
[2026-04-24T17:42:53.185+0000] {processor.py:183} INFO - Processing /opt/airflow/dags/stock_pipeline_dag.py took 0.141 seconds
[2026-04-24T17:43:23.433+0000] {processor.py:161} INFO - Started process (PID=3224) to work on /opt/airflow/dags/stock_pipeline_dag.py
[2026-04-24T17:43:23.434+0000] {processor.py:830} INFO - Processing file /opt/airflow/dags/stock_pipeline_dag.py for tasks to queue
[2026-04-24T17:43:23.436+0000] {logging_mixin.py:188} INFO - [2026-04-24T17:43:23.436+0000] {dagbag.py:540} INFO - Filling up the DagBag from /opt/airflow/dags/stock_pipeline_dag.py
[2026-04-24T17:43:23.479+0000] {processor.py:840} INFO - DAG(s) 'stock_pipeline' retrieved from /opt/airflow/dags/stock_pipeline_dag.py
[2026-04-24T17:43:23.512+0000] {logging_mixin.py:188} INFO - [2026-04-24T17:43:23.512+0000] {dag.py:3096} INFO - Sync 1 DAGs
[2026-04-24T17:43:23.539+0000] {logging_mixin.py:188} INFO - [2026-04-24T17:43:23.538+0000] {dag.py:3954} INFO - Setting next_dagrun for stock_pipeline to 2026-04-24 06:00:00+00:00, run_after=2026-04-27 06:00:00+00:00
[2026-04-24T17:43:23.573+0000] {processor.py:183} INFO - Processing /opt/airflow/dags/stock_pipeline_dag.py took 0.145 seconds
[2026-04-24T17:43:53.891+0000] {processor.py:161} INFO - Started process (PID=3229) to work on /opt/airflow/dags/stock_pipeline_dag.py
[2026-04-24T17:43:53.893+0000] {processor.py:830} INFO - Processing file /opt/airflow/dags/stock_pipeline_dag.py for tasks to queue
[2026-04-24T17:43:53.895+0000] {logging_mixin.py:188} INFO - [2026-04-24T17:43:53.894+0000] {dagbag.py:540} INFO - Filling up the DagBag from /opt/airflow/dags/stock_pipeline_dag.py
[2026-04-24T17:43:53.932+0000] {processor.py:840} INFO - DAG(s) 'stock_pipeline' retrieved from /opt/airflow/dags/stock_pipeline_dag.py
[2026-04-24T17:43:53.965+0000] {logging_mixin.py:188} INFO - [2026-04-24T17:43:53.965+0000] {dag.py:3096} INFO - Sync 1 DAGs
[2026-04-24T17:43:54.000+0000] {logging_mixin.py:188} INFO - [2026-04-24T17:43:54.000+0000] {dag.py:3954} INFO - Setting next_dagrun for stock_pipeline to 2026-04-24 06:00:00+00:00, run_after=2026-04-27 06:00:00+00:00
[2026-04-24T17:43:54.030+0000] {processor.py:183} INFO - Processing /opt/airflow/dags/stock_pipeline_dag.py took 0.144 seconds
[2026-04-24T17:44:24.174+0000] {processor.py:161} INFO - Started process (PID=3234) to work on /opt/airflow/dags/stock_pipeline_dag.py
[2026-04-24T17:44:24.175+0000] {processor.py:830} INFO - Processing file /opt/airflow/dags/stock_pipeline_dag.py for tasks to queue
[2026-04-24T17:44:24.177+0000] {logging_mixin.py:188} INFO - [2026-04-24T17:44:24.177+0000] {dagbag.py:540} INFO - Filling up the DagBag from /opt/airflow/dags/stock_pipeline_dag.py
[2026-04-24T17:44:24.211+0000] {processor.py:840} INFO - DAG(s) 'stock_pipeline' retrieved from /opt/airflow/dags/stock_pipeline_dag.py
[2026-04-24T17:44:24.243+0000] {logging_mixin.py:188} INFO - [2026-04-24T17:44:24.243+0000] {dag.py:3096} INFO - Sync 1 DAGs
[2026-04-24T17:44:24.266+0000] {logging_mixin.py:188} INFO - [2026-04-24T17:44:24.266+0000] {dag.py:3954} INFO - Setting next_dagrun for stock_pipeline to 2026-04-24 06:00:00+00:00, run_after=2026-04-27 06:00:00+00:00
[2026-04-24T17:44:24.292+0000] {processor.py:183} INFO - Processing /opt/airflow/dags/stock_pipeline_dag.py took 0.125 seconds
[2026-04-24T17:44:54.629+0000] {processor.py:161} INFO - Started process (PID=3239) to work on /opt/airflow/dags/stock_pipeline_dag.py
[2026-04-24T17:44:54.630+0000] {processor.py:830} INFO - Processing file /opt/airflow/dags/stock_pipeline_dag.py for tasks to queue
[2026-04-24T17:44:54.632+0000] {logging_mixin.py:188} INFO - [2026-04-24T17:44:54.631+0000] {dagbag.py:540} INFO - Filling up the DagBag from /opt/airflow/dags/stock_pipeline_dag.py
[2026-04-24T17:44:54.667+0000] {processor.py:840} INFO - DAG(s) 'stock_pipeline' retrieved from /opt/airflow/dags/stock_pipeline_dag.py
[2026-04-24T17:44:54.697+0000] {logging_mixin.py:188} INFO - [2026-04-24T17:44:54.696+0000] {dag.py:3096} INFO - Sync 1 DAGs
[2026-04-24T17:44:54.716+0000] {logging_mixin.py:188} INFO - [2026-04-24T17:44:54.716+0000] {dag.py:3954} INFO - Setting next_dagrun for stock_pipeline to 2026-04-24 06:00:00+00:00, run_after=2026-04-27 06:00:00+00:00
[2026-04-24T17:44:54.736+0000] {processor.py:183} INFO - Processing /opt/airflow/dags/stock_pipeline_dag.py took 0.112 seconds
[2026-04-24T17:45:24.982+0000] {processor.py:161} INFO - Started process (PID=3244) to work on /opt/airflow/dags/stock_pipeline_dag.py
[2026-04-24T17:45:24.984+0000] {processor.py:830} INFO - Processing file /opt/airflow/dags/stock_pipeline_dag.py for tasks to queue
[2026-04-24T17:45:24.987+0000] {logging_mixin.py:188} INFO - [2026-04-24T17:45:24.986+0000] {dagbag.py:540} INFO - Filling up the DagBag from /opt/airflow/dags/stock_pipeline_dag.py
[2026-04-24T17:45:25.026+0000] {processor.py:840} INFO - DAG(s) 'stock_pipeline' retrieved from /opt/airflow/dags/stock_pipeline_dag.py
[2026-04-24T17:45:25.063+0000] {logging_mixin.py:188} INFO - [2026-04-24T17:45:25.063+0000] {dag.py:3096} INFO - Sync 1 DAGs
[2026-04-24T17:45:25.094+0000] {logging_mixin.py:188} INFO - [2026-04-24T17:45:25.094+0000] {dag.py:3954} INFO - Setting next_dagrun for stock_pipeline to 2026-04-24 06:00:00+00:00, run_after=2026-04-27 06:00:00+00:00
[2026-04-24T17:45:25.123+0000] {processor.py:183} INFO - Processing /opt/airflow/dags/stock_pipeline_dag.py took 0.147 seconds
[2026-04-24T17:45:55.365+0000] {processor.py:161} INFO - Started process (PID=3249) to work on /opt/airflow/dags/stock_pipeline_dag.py
[2026-04-24T17:45:55.366+0000] {processor.py:830} INFO - Processing file /opt/airflow/dags/stock_pipeline_dag.py for tasks to queue
[2026-04-24T17:45:55.368+0000] {logging_mixin.py:188} INFO - [2026-04-24T17:45:55.368+0000] {dagbag.py:540} INFO - Filling up the DagBag from /opt/airflow/dags/stock_pipeline_dag.py
[2026-04-24T17:45:55.396+0000] {processor.py:840} INFO - DAG(s) 'stock_pipeline' retrieved from /opt/airflow/dags/stock_pipeline_dag.py
[2026-04-24T17:45:55.424+0000] {logging_mixin.py:188} INFO - [2026-04-24T17:45:55.424+0000] {dag.py:3096} INFO - Sync 1 DAGs
[2026-04-24T17:45:55.457+0000] {logging_mixin.py:188} INFO - [2026-04-24T17:45:55.456+0000] {dag.py:3954} INFO - Setting next_dagrun for stock_pipeline to 2026-04-24 06:00:00+00:00, run_after=2026-04-27 06:00:00+00:00
[2026-04-24T17:45:55.486+0000] {processor.py:183} INFO - Processing /opt/airflow/dags/stock_pipeline_dag.py took 0.129 seconds
[2026-04-24T17:46:25.835+0000] {processor.py:161} INFO - Started process (PID=3254) to work on /opt/airflow/dags/stock_pipeline_dag.py
[2026-04-24T17:46:25.836+0000] {processor.py:830} INFO - Processing file /opt/airflow/dags/stock_pipeline_dag.py for tasks to queue
[2026-04-24T17:46:25.839+0000] {logging_mixin.py:188} INFO - [2026-04-24T17:46:25.839+0000] {dagbag.py:540} INFO - Filling up the DagBag from /opt/airflow/dags/stock_pipeline_dag.py
[2026-04-24T17:46:25.885+0000] {processor.py:840} INFO - DAG(s) 'stock_pipeline' retrieved from /opt/airflow/dags/stock_pipeline_dag.py
[2026-04-24T17:46:25.921+0000] {logging_mixin.py:188} INFO - [2026-04-24T17:46:25.921+0000] {dag.py:3096} INFO - Sync 1 DAGs
[2026-04-24T17:46:25.952+0000] {logging_mixin.py:188} INFO - [2026-04-24T17:46:25.952+0000] {dag.py:3954} INFO - Setting next_dagrun for stock_pipeline to 2026-04-24 06:00:00+00:00, run_after=2026-04-27 06:00:00+00:00
[2026-04-24T17:46:25.973+0000] {processor.py:183} INFO - Processing /opt/airflow/dags/stock_pipeline_dag.py took 0.143 seconds
[2026-04-24T17:46:56.178+0000] {processor.py:161} INFO - Started process (PID=3259) to work on /opt/airflow/dags/stock_pipeline_dag.py
[2026-04-24T17:46:56.179+0000] {processor.py:830} INFO - Processing file /opt/airflow/dags/stock_pipeline_dag.py for tasks to queue
[2026-04-24T17:46:56.181+0000] {logging_mixin.py:188} INFO - [2026-04-24T17:46:56.180+0000] {dagbag.py:540} INFO - Filling up the DagBag from /opt/airflow/dags/stock_pipeline_dag.py
[2026-04-24T17:46:56.212+0000] {processor.py:840} INFO - DAG(s) 'stock_pipeline' retrieved from /opt/airflow/dags/stock_pipeline_dag.py
[2026-04-24T17:46:56.244+0000] {logging_mixin.py:188} INFO - [2026-04-24T17:46:56.244+0000] {dag.py:3096} INFO - Sync 1 DAGs
[2026-04-24T17:46:56.272+0000] {logging_mixin.py:188} INFO - [2026-04-24T17:46:56.272+0000] {dag.py:3954} INFO - Setting next_dagrun for stock_pipeline to 2026-04-24 06:00:00+00:00, run_after=2026-04-27 06:00:00+00:00
[2026-04-24T17:46:56.296+0000] {processor.py:183} INFO - Processing /opt/airflow/dags/stock_pipeline_dag.py took 0.124 seconds
[2026-04-24T17:47:26.568+0000] {processor.py:161} INFO - Started process (PID=3264) to work on /opt/airflow/dags/stock_pipeline_dag.py
[2026-04-24T17:47:26.569+0000] {processor.py:830} INFO - Processing file /opt/airflow/dags/stock_pipeline_dag.py for tasks to queue
[2026-04-24T17:47:26.571+0000] {logging_mixin.py:188} INFO - [2026-04-24T17:47:26.571+0000] {dagbag.py:540} INFO - Filling up the DagBag from /opt/airflow/dags/stock_pipeline_dag.py
[2026-04-24T17:47:26.608+0000] {processor.py:840} INFO - DAG(s) 'stock_pipeline' retrieved from /opt/airflow/dags/stock_pipeline_dag.py
[2026-04-24T17:47:26.641+0000] {logging_mixin.py:188} INFO - [2026-04-24T17:47:26.641+0000] {dag.py:3096} INFO - Sync 1 DAGs
[2026-04-24T17:47:26.665+0000] {logging_mixin.py:188} INFO - [2026-04-24T17:47:26.665+0000] {dag.py:3954} INFO - Setting next_dagrun for stock_pipeline to 2026-04-24 06:00:00+00:00, run_after=2026-04-27 06:00:00+00:00
[2026-04-24T17:47:26.691+0000] {processor.py:183} INFO - Processing /opt/airflow/dags/stock_pipeline_dag.py took 0.128 seconds
[2026-04-24T17:47:56.979+0000] {processor.py:161} INFO - Started process (PID=3269) to work on /opt/airflow/dags/stock_pipeline_dag.py
[2026-04-24T17:47:56.980+0000] {processor.py:830} INFO - Processing file /opt/airflow/dags/stock_pipeline_dag.py for tasks to queue
[2026-04-24T17:47:56.982+0000] {logging_mixin.py:188} INFO - [2026-04-24T17:47:56.981+0000] {dagbag.py:540} INFO - Filling up the DagBag from /opt/airflow/dags/stock_pipeline_dag.py
[2026-04-24T17:47:57.032+0000] {processor.py:840} INFO - DAG(s) 'stock_pipeline' retrieved from /opt/airflow/dags/stock_pipeline_dag.py
[2026-04-24T17:47:57.085+0000] {logging_mixin.py:188} INFO - [2026-04-24T17:47:57.085+0000] {dag.py:3096} INFO - Sync 1 DAGs
[2026-04-24T17:47:57.123+0000] {logging_mixin.py:188} INFO - [2026-04-24T17:47:57.123+0000] {dag.py:3954} INFO - Setting next_dagrun for stock_pipeline to 2026-04-24 06:00:00+00:00, run_after=2026-04-27 06:00:00+00:00
[2026-04-24T17:47:57.150+0000] {processor.py:183} INFO - Processing /opt/airflow/dags/stock_pipeline_dag.py took 0.183 seconds
[2026-04-24T17:48:27.370+0000] {processor.py:161} INFO - Started process (PID=3274) to work on /opt/airflow/dags/stock_pipeline_dag.py
[2026-04-24T17:48:27.371+0000] {processor.py:830} INFO - Processing file /opt/airflow/dags/stock_pipeline_dag.py for tasks to queue
[2026-04-24T17:48:27.373+0000] {logging_mixin.py:188} INFO - [2026-04-24T17:48:27.373+0000] {dagbag.py:540} INFO - Filling up the DagBag from /opt/airflow/dags/stock_pipeline_dag.py
[2026-04-24T17:48:27.407+0000] {processor.py:840} INFO - DAG(s) 'stock_pipeline' retrieved from /opt/airflow/dags/stock_pipeline_dag.py
[2026-04-24T17:48:27.432+0000] {logging_mixin.py:188} INFO - [2026-04-24T17:48:27.432+0000] {dag.py:3096} INFO - Sync 1 DAGs
[2026-04-24T17:48:27.457+0000] {logging_mixin.py:188} INFO - [2026-04-24T17:48:27.457+0000] {dag.py:3954} INFO - Setting next_dagrun for stock_pipeline to 2026-04-24 06:00:00+00:00, run_after=2026-04-27 06:00:00+00:00
[2026-04-24T17:48:27.482+0000] {processor.py:183} INFO - Processing /opt/airflow/dags/stock_pipeline_dag.py took 0.118 seconds
[2026-04-24T17:48:57.799+0000] {processor.py:161} INFO - Started process (PID=3279) to work on /opt/airflow/dags/stock_pipeline_dag.py
[2026-04-24T17:48:57.800+0000] {processor.py:830} INFO - Processing file /opt/airflow/dags/stock_pipeline_dag.py for tasks to queue
[2026-04-24T17:48:57.803+0000] {logging_mixin.py:188} INFO - [2026-04-24T17:48:57.802+0000] {dagbag.py:540} INFO - Filling up the DagBag from /opt/airflow/dags/stock_pipeline_dag.py
[2026-04-24T17:48:57.844+0000] {processor.py:840} INFO - DAG(s) 'stock_pipeline' retrieved from /opt/airflow/dags/stock_pipeline_dag.py
[2026-04-24T17:48:57.880+0000] {logging_mixin.py:188} INFO - [2026-04-24T17:48:57.879+0000] {dag.py:3096} INFO - Sync 1 DAGs
[2026-04-24T17:48:57.912+0000] {logging_mixin.py:188} INFO - [2026-04-24T17:48:57.912+0000] {dag.py:3954} INFO - Setting next_dagrun for stock_pipeline to 2026-04-24 06:00:00+00:00, run_after=2026-04-27 06:00:00+00:00
[2026-04-24T17:48:57.941+0000] {processor.py:183} INFO - Processing /opt/airflow/dags/stock_pipeline_dag.py took 0.151 seconds
[2026-04-24T17:49:28.145+0000] {processor.py:161} INFO - Started process (PID=3284) to work on /opt/airflow/dags/stock_pipeline_dag.py
[2026-04-24T17:49:28.147+0000] {processor.py:830} INFO - Processing file /opt/airflow/dags/stock_pipeline_dag.py for tasks to queue
[2026-04-24T17:49:28.154+0000] {logging_mixin.py:188} INFO - [2026-04-24T17:49:28.153+0000] {dagbag.py:540} INFO - Filling up the DagBag from /opt/airflow/dags/stock_pipeline_dag.py
[2026-04-24T17:49:28.194+0000] {processor.py:840} INFO - DAG(s) 'stock_pipeline' retrieved from /opt/airflow/dags/stock_pipeline_dag.py
[2026-04-24T17:49:28.228+0000] {logging_mixin.py:188} INFO - [2026-04-24T17:49:28.227+0000] {dag.py:3096} INFO - Sync 1 DAGs
[2026-04-24T17:49:28.255+0000] {logging_mixin.py:188} INFO - [2026-04-24T17:49:28.255+0000] {dag.py:3954} INFO - Setting next_dagrun for stock_pipeline to 2026-04-24 06:00:00+00:00, run_after=2026-04-27 06:00:00+00:00
[2026-04-24T17:49:28.284+0000] {processor.py:183} INFO - Processing /opt/airflow/dags/stock_pipeline_dag.py took 0.150 seconds
